userId,username
7737296083,ccmkvn
5439630070,qhuyn294
8098275256,toankihil
8091547092,toiluon789b
7716681789,thovnlobe
8144809841,hoanghentaiz
7806248755,sorichua
7924586021,quanpit
7482552985,cuongsixgai
7893647840,duongthanhthang
6720450825,phuckieu998
7159770051,phngthuiw226
7960845146,phngnh24303
7948360152,phmkhinc488
7741911966,phmhnx8726
7228269911,truonglamtung02031994
7382281941,trungvandai08031998
7047987225,trungdaiquan04031998
7536093667,trumandantos4869
7516291628,vantrandang02011993
7299701929,vanphuongthu04021994
6699866072,vannamkieu02021999
7916812254,vandadecarmine6553
7637729045,wagmizv6zlol
7509747932,wagmijgbrrr
7594237951,wagmiir5brrr
7848666140,wagmi_uzmdv2
7598828163,namvantruong04031892
7270355090,namvanlinh04031999
7293200646,nammai098
7230678384,namha998
7019650740,namchanlam04031993
8041184351,nguynthujg078
7124529721,nguynlmhr393
7612462372,nguyncng13273
7446604877,levannhat02031999
7007062160,lantuananh02091993
7263141817,lannamdem03021999
7627323600,lamvantuan02011882
7546031395,lamvantruc08021998
7510203175,lamvantien02012000
7382485932,lamvanthien04021993
7715495237,lamvanphuong02021992
6366525503,lamtuanminh05031993
7309359272,lamtuankhanh04031998
7193596781,lamtuankhang04031994
6573373264,lamtuananh04031993
7734825079,lamthenhan03029191
7176143582,lamngocthang03021995
7440020622,lammanhduy04021993
7183422032,lamlinhchi04031999
7272923762,lamlekhang04031999
7518892569,lamchunghung03011999
7422786639,lamchanduong04031999
1117960975,Jigyashu950181
7356441828,huyruaxe02031993
7261323606,huynamloc02051999
7499623892,dinhvantuan04021999
7519787620,deletedaccount6680
7738551783,deletedaccount4895
7725967754,deletedaccount2398
1701751149,anhtrankim03021992
6699866072,vannamkieu02021999
7403991946,luongthidieu020319986
7192532574,linhvandam07081994
7231926588,ngominhtuan08031990
7067266171,phungvando03021994
7519600819,tranhuuthanh02091998
7272128836,dailanpham05031998
6915010904,buivantan04021993
6519084175,lamminhtu07041999
7184015209,phamvanloc03041992
7144652148,luonghuylan04021999
6753563506,hoangloan5823
7305850263,hongloan2546
7387087652,longhoang724
7210907485,hongloan5398
7586147649,hongkim7f789
7143909596,nhungduong028
6383398585,nhungduong08
7492337778,thanhminh123456789
7210907485,Hongloan5398
7249368692,khaihoang552
7485248019,kimkhong77
7263509976,hoanghoa47
7348143628,hnhnghnhh6397
7346639221,hoanghung256
6622402057,Chauminh114
7196975303,khiemnguyen111
7350249354,tamkhang091
7232005636,Phanyen111
7552054123,JerkOfMyDick
7368872480,Kkjjipuook
7949130202,karin1074
7875432264,Ehehdudub
7203677413,Kdbsjxbshf
1328868526,Ixyxtocyhxo
8101271387,Fany2671
7651919440,fafafa1781
7491334078,EjaY1417
8197355235,InesMoreirana
6489241664,Elmz121899
7466021337,Burakdemirci4433
1913133081,EmmaCharlotte95
7266439272,IslaMacLeody
7221952160,Xjdjdjdjjdj
7900561453,Vvvkcvkkvck
7055832537,KenyettaMartinez
8100044931,k93k2cxew0ui
7184308332,cTju9781Eg0
6853164056,BeulaCardenas
5059480863,BarbaraBets
8157825486,AnushkaMehran
7857303840,AnikaSchmidted
7413018275,IvySorensen
497486394,HuracanTerapia
6917136377,HilarioMitchell
7858819301,HanaKubatova
5014577816,GwendaConnor1jk
5043328748,GriseldaWiggin3
7538304283,GiuliaBianchit
7977995237,FreyaHanseen
7535177075,ElenaMarchetti
489559974,ElenaBrenner
6429434865,eruyt67
7259705848,eriuy98
7279722076,eriuy77
7249539542,eriuss56
7315551950,eriu86
7386878151,iuyt7823
6984519189,tQs2f1KHcFkT
7688448448,anhduc9vip
7190463089,x7pDAyUMw
1859433356,Kelvin152002
5710326169,Julia86508
6775580043,JeffWhitfield
5051583283,JohnTucEr
7141226114,j989415
1057946482,IXABPyHl
7392192288,itd88ttsyx
6676287519,IALfPmRQCQ
7185114838,I5IZdP
7763325306,hohuyencc
7894263408,hocdaututaichnh
7028703195,haXEnLHI
7175759465,LvWot9dLCP0lW2X
7871132142,gvprtama
6930453638,g0l6UWHpbP5Ui5
7797588353,Farhan0998
7103089302,elc2705
7031030226,E16hAEbnuw
7733202677,duri091
7172885891,cilaimutbgt
6871893072,biwMfG1T
8068304033,DinaKarapetyan
413611713,huudong2512
8033228744,wenjaaii
6605490832,Bsohoang12
7587990200,vulam16839
7141742361,Chung838
7574753911,congiane3
7503218283,nghetthoi
7967184250,kimcuchu
7795179373,tunggiam10
7591100409,minhuew
7671407028,blhueed
7789819209,hueddin
7412434642,quynh02_99
7728136884,doansad
7775315945,vinhaneth
8055074194,lanhdrama
7643574318,lomkisa
6840453711,Mg70024
7163459394,Cyc1111
7027923019,nanhan67
6575879282,elm111111
7182390423,Bron54
7048718649,Funkia_1973
7075568534,Bli111111
7059367273,CFq1111
6885033770,chi3333333
6730431155,preexpo
6787021158,cowetsi
6318293209,cas1111111
6473084697,CwxoSe
7055804647,pha1111111
6650327433,schlockalanson
6551755574,DIB11111
6823179008,qew11111
7106159027,nondero
7030461628,Con22222
7184806637,Carv232
6992853440,arane111
6775043882,cocke11
7107984904,Stoner1998
6748862767,recon121
7076274340,clnQnc
6899651312,nzbawB
7020922700,Tem2222
6967073953,ZqExWK
7096776215,Uni_tron
7070492601,antsyc
7117635877,eardrumcyanite
7193085857,Avantgar12
7114762892,preac1
6721970300,malmcs
7010892807,Serra903
6962118779,VvxmTu
7197348982,comically_Alterant
7110535438,ejVufX
7359018737,Baetulichambertin
7064353952,IiLjhF
6705852481,LFGInp
7258667809,Amaryllis_Delila
7151280972,bel33333
7317073774,NJvtLO
7288297681,carpetbags1858
7145202999,byproducts_1858
6999195960,GuernseyQuerimans
7296395807,WoxVCR
7099754934,bodh111
7476951379,CmNwbk
6786966329,northeners1923
7400292715,ktAEuK
7399727117,gszOtw
7457404230,OoxQXO
8454354242,javelinsphere
6998032435,Fossaorpheus
7305913646,Cockroach_1970
8102726826,vy1thu
7924686050,anhvinhhamchoi
7173493897,Yan_yan11111
5786601600,jillian_19
7284929685,toniypol
7049434673,bon1111111
7393423019,alsu123123
6861029795,mauricc18
7066322871,ber649
8171166866,gon10678
6441887311,bFRuaW
6716653788,Securablen
7033824224,PuwqjU
7267895303,IsEzdE
7434356534,Qasa1111
7642048405,Chorollo273
7908135877,MorenoYwi
7021068033,Kenn992
7813263987,Chura378
7286467942,Ttuyet1994
7550466894,Nayxil19
8195924447,Gobs689
8063403568,Rayzen61
7953388535,kamado281
7565845223,Rubyy662
7253273854,Zilongae
7578200928,Tiksa278
8178121157,Xinra17
8068831401,Blact67
8090431432,Kingz671
8131265277,Luxxy67
8283744972,Sanemiiie
8010758859,NindiraOx
8215684291,Gyumi467
7363121726,arkaraditya15
8122758017,Cihuy561
7530595980,Thanos378
8445567278,AnsoyWi
8396615988,Xinghi7
7956984074,akinxcrypt
8163025707,GyumeiEyu
8004528793,nisijang
7822944480,Taurus367
8322938388,bunzt
8077425191,farali_kr
8073786421,Zuxin378
7999108913,sijedomonz
8136698412,Liarhmwt1
7060494156,invisiblekull
7606097847,kyokuunosuke
7926857479,oktvnazy
7727908832,thanhnhas97
1756390109,hexyout
6722715650,bantoncoin
7599511332,catfluidoo
1825894091,moodzyger
6904116351,poconiku
7376827324,KylianVR
1867547714,kratzevonne
7620914577,serinchkai
8306824978,yepiwe
8332281854,mivisaf
7745928075,tumenuun
8208464073,boojeekaa
8313575465,pedakylo
8391030837,beceyeceb
8237735167,kexako
8358789482,poxixot
8495744062,deyooopi
7285631091,ChrolloTx
8306559369,gajifej
7654705437,lenafasbnb
7068627922,JesterrBlackC
8398300973,folegonamsan
8270833602,loheceb
8228580534,fexabre
7870911654,yadirabtc
8153147057,fecomtyler
7306563482,Danissa87
6063776779,nkmslvstr
6777729604,vitaliy311017
7953727575,phongvuusdt
7392755271,KaitooHx
7315437290,h3zoro
7356992564,DenadaaZ
8026696713,danhggte
7046318803,AntaressA7
7258385714,RitsuuHaa
7358654871,zohhnuyy
6428312504,Skif3110
22015872,M_40chela
7304798735,KurniaaSari
7647404588,melanieben
7524748979,h2zoro
6316188212,h1zoro
7750723280,Yaw0_0
6635331519,Ludmila_crypto
5339886771,khoa99955
7551654719,abrakadabradebil
6987670312,Nehlehporfarhadi
6298491969,capracarpet_vip
7009448994,dave_crn
7978010120,Algerik9
7854410220,Tinota97
7845559161,Monnika1993
5585457747,Hopee0408
1625181072,minhxm
288599645,targetinsta
5132404521,tdaik
7163175842,Jenipherr000
