rank,username,score,gold,rares,epics,legendaries,userid
1,bantoncoin,2364584.1999999997,1131380,226,69,15,6722715650
2,Ttuyet1994,1320880.79,983530,73,35,2,7286467942
3,krazw69,1043081.9199999999,451160,166,76,23,6440162359
4,7799361978,894984.4079999999,303179,332,130,28,7799361978
5,densmall,771686.496,150192,670,243,67,653447792
6,7312900735,712324.7999999999,158400,641,236,48,7312900735
7,Ivan_ves,580439.0000000001,227000,321,116,18,8244793545
8,odinL9M,548646.32,201560,378,134,18,2043609408
9,6235704440,493731.54800000007,171673,346,135,24,6235704440
10,ffniks,450951.04,231020,148,69,13,1008229804
11,7689525119,450400.07999999996,375960,48,15,2,7689525119
12,Looking9932,427058.00000000006,134000,393,134,33,7026634013
13,Aiga,403294.437,190323,189,75,16,line:U5d9f5f6c58ab4b9b2e190fe26ec7cc68
14,zmwmkm4y,396115.0,227000,145,50,10,5963698016
15,Kkjjipuook,376754.4,241200,112,35,8,7368872480
16,Fbbvb666,366197.0,221000,129,48,8,6392389442
17,Lilia486,357335.544,149638,290,98,17,2100702153
18,Petro_metro,338230.0,227000,112,38,5,7482248395
19,NeutronIvan,335946.0,118000,347,135,23,1526296005
20,Kdbsjxbshf,331992.0,318000,2,2,1,7203677413
21,camPPunk,331898.0,302000,33,6,1,213747533
22,alabamagee,317934.0,306000,3,1,1,6196384305
23,7249536466,302846.3,288700,7,2,1,7249536466
24,broncos,295079.75200000004,162668,130,59,11,line:U3655b32a1a5c1e9f8eba293b13a1578e
25,saymynamenk,294692.456,192358,118,29,8,474460475
26,8018803376,287072.324,161458,166,42,12,8018803376
27,mirooleynik,282929.22,154860,155,47,13,1679471128
28,Martinaska,278200.0,200000,79,32,4,7981801984
29,SvenP9,270461.01,110618,239,101,20,5239125624
30,djeansu,262142.49599999998,212778,40,17,3,line:U81d3bef9052b2f5439126bcc74e8035e
31,jeccaa2020,258876.0,81000,372,159,29,7884943790
32,Habiba319,257550.0,255000,4,1,0,7208000567
33,Viktolich,253440.0,96000,278,102,25,5938046467
34,KardanFlaers,252057.357,202131,31,21,3,8119160052
35,NataliGoranina,250888.05,120330,209,71,15,540147946
36,khiroshin,244602.0,214000,41,7,2,5232525961
37,7429397163,240536.25,213810,41,14,0,7429397163
38,Tema15ameT,233206.833,204747,43,11,1,7500783372
39,BLACKDRAGONtg,225704.67500000002,193075,49,15,1,5280903192
40,DK_1307,217777.752,177923,26,3,6,410532380
41,gorbachevmo,215335.56000000003,176360,29,12,4,891493458
42,isit_9,212994.99999999997,205000,3,1,1,7715663907
43,Alex_Fil2,211449.06,163914,26,19,5,1535104706
44,ogtreeps,208893.96,114840,141,58,11,268385006
45,whathishit9,208060.0,206000,4,1,0,6867024203
46,7879595104,207999.0,121000,191,58,6,7879595104
47,6607187866,207050.0,205000,4,1,0,6607187866
48,dimatag,202665.525,121575,127,50,8,117674425
49,ludzakura,200445.44999999998,152430,69,16,5,510639825
50,NiPS19,196875.0,125000,119,51,5,1710565673
51,Hooks63,196587.072,145728,55,19,6,6175911742
52,MorenoYwi,195265.872,161912,32,9,4,7908135877
53,7625652440,193403.1,187770,6,4,0,7625652440
54,domasniy,193346.012,164971,22,10,3,428516174
55,mahyudinn,192324.0,186000,4,0,1,7556783565
56,A_O_A_07,189187.104,174688,11,2,2,1829612750
57,Junix17,182864.0,176000,3,1,1,1518480814
58,ZilongYuq,181611.0,153000,31,11,3,8108361960
59,arkaraditya15,180323.00000000003,143000,45,16,4,7363121726
60,thyronlevi,177884.99999999997,177000,5,0,0,7415210768
61,8160775316,176814.0,171000,4,0,1,8160775316
62,Greglok,176156.09999999998,143100,33,13,4,6726152820
63,k9k646,174249.99999999997,170000,13,2,0,5220224834
64,manrey33,172428.19999999998,169880,3,2,0,2031054289
65,whenyouplaythisgame,170763.59999999998,168240,3,2,0,6318499665
66,valeriy777str,170190.0,62000,269,96,30,7869436979
67,stanislav56,170110.275,163725,3,1,1,94662552
68,King_Bamboo,168466.753,30121,777,301,67,1727756280
69,Quaker63,167018.922,147283,44,10,1,5892389797
70,T3ngen,166990.47,102890,125,48,7,6374369736
71,javelinsphere,164160.0,90000,134,60,11,8454354242
72,mamina3,164145.0,155000,11,3,1,8069744770
73,Tolik2015,164143.749,119031,67,22,6,7430692417
74,Alex01_0_0,163636.4,130700,36,21,3,1151007427
75,GGezzzzzzz,159028.56900000002,106659,119,42,4,6473980982
76,1432744661,158111.2,119600,58,29,3,1432744661
77,rypetype,155954.75,109750,61,15,9,6587894951
78,olga_crypto_space,153753.0,116040,61,19,5,7074802686
79,dulinec,152801.638,142406,7,1,2,6310875478
80,Rain Turtle,152249.99999999997,150000,3,2,0,line:U8e9942b252264dc71566c55b7eeffadd
81,RomanAtval,151932.32,127460,36,11,3,1089457364
82,Blact67,149450.0,122000,33,7,5,8068831401
83,Fenix136,149389.0,61000,291,113,16,7136300091
84,gon10678,148932.0,126000,38,9,3,8171166866
85,Kenn992,147719.99999999997,120000,27,14,4,7021068033
86,Teona100,146619.0,99000,85,21,9,7293864409
87,7541693581,146520.0,88000,107,43,10,7541693581
88,m1ster_telegram,146275.58000000002,119020,61,23,1,6122479840
89,M191919,146124.0,54000,320,111,24,6415239785
90,Juiiol,145440.0,144000,4,1,0,5917762536
91,Cihuy561,145386.0,123000,32,10,3,8122758017
92,SERELDA,145297.51599999997,129962,16,7,2,6280182281
93,alex_pump_it,144955.2,143520,4,1,0,7225324908
94,ludook22,144802.5,112250,38,17,5,6595769722
95,Rullyy98,143945.728,79616,160,48,12,5682254346
96,7626794814,141701.12000000002,130240,4,4,2,7626794814
97,Gobs689,141240.0,120000,33,9,3,8195924447
98,bobovich222,140248.42,111220,39,17,4,5191133059
99,Rubyy662,140118.0,121000,32,11,2,7565845223
100,Chorollo273,140066.0,118000,31,11,3,7642048405
101,KIG6060,139791.216,134544,3,1,1,517400935
102,Tiksa278,138886.0,118000,33,9,3,7578200928
103,Emibubble,138054.0,114000,43,8,4,6147880868
104,SLnatalya1,137970.0,54000,331,104,20,5426457638
105,Ferari047,137698.0,121000,36,7,2,7740314629
106,Vechesvet,137044.512,68832,211,60,14,326682087
107,tophip2,137000.63999999998,112480,44,19,2,7045138881
108,Zilongae,136278.0,113000,32,9,4,7253273854
109,Thanos378,134200.0,122000,34,11,0,7530595980
110,theguys123,132479.19999999998,114800,52,12,1,6775860818
111,7440137270,132257.54499999998,130303,3,2,0,7440137270
112,slowmouwen,131329.28,110920,46,18,1,6095784051
113,Sudir34,131295.84,103220,74,18,3,6613753251
114,GyumeiEyu,129272.00000000001,113000,30,14,1,8163025707
115,Antoxa_A,128838.43,97090,81,26,3,7257068887
116,LenyaSheva,128625.87499999999,126725,3,2,0,1408123786
117,ArinaK03,128509.34999999999,127870,5,0,0,6833078755
118,YuzongUei,126781.19999999998,111800,32,12,1,7535448479
119,Xinra17,125888.00000000001,112000,34,10,1,8178121157
120,Rikirikardo2009,125864.09999999999,96300,79,23,3,1118953056
121,Harvestmoonwallet,125613.7,124370,4,1,0,5973540861
122,crypton222,125172.0,108000,45,14,1,495324091
123,Yonitop,124513.246,101893,60,12,3,5186845785
124,paulussssss,124426.288,116942,4,5,1,421950593
125,dave944,123153.076,115204,9,5,1,497810505
126,Ponk,123052.8,120640,8,2,0,line:U96b7175a59f1884e2f47ed8bc566eab8
127,Securablen,122814.99999999999,121000,3,2,0,6716653788
128,cyberislands,122472.0,84000,86,27,7,6539056768
129,JoostLint,122398.56,117240,2,2,1,5278925766
130,Hftiid,121799.99999999999,120000,3,2,0,7137111548
131,ber649,121604.99999999999,121000,5,0,0,7066322871
132,Anne156,120784.99999999999,119000,3,2,0,7086375196
133,7206141984,119815.67499999999,118045,3,2,0,7206141984
134,kenash,119755.7,118570,4,1,0,1911395018
135,azazello12345,119738.00000000001,87400,64,26,5,751555868
136,carlmigs,119704.256,87248,90,32,3,6438338173
137,vilropx,119104.09999999999,73070,144,56,5,8097278898
138,Dmitriy8778,119068.27200000001,56916,204,83,13,465444742
139,samgalka,118906.32,114333,10,5,0,7056923008
140,7927287610,117685.2,116520,10,0,0,7927287610
141,Meloystv,117197.505,102535,23,10,2,7165987414
142,SemenIvanovic,117160.0,116000,4,1,0,6455811944
143,iterasha1,115917.48000000001,71820,146,48,6,629386320
144,Ixyxtocyhxo,115808.0,112000,4,0,1,1328868526
145,s2a1n,115796.275,114085,3,2,0,407210368
146,7564132047,115672.181,110269,7,2,1,7564132047
147,Zhuchara322,115025.87,113887,4,1,0,114908306
148,ToriTori01,114774.177,74869,107,36,7,1213008615
149,taqqoosaka,113656.003,108347,1,3,1,5207196849
150,Jurez27,113385.6,99200,29,9,2,5761303769
151,Vovan2772,113243.54999999999,111570,3,2,0,8053529895
152,Nikita_Olegovich,109978.15499999998,109431,5,0,0,442756763
153,8020207578,107952.84,106884,4,1,0,8020207578
154,dvarbanets,107317.781,93077,27,11,2,885622962
155,Kostyayarmol,106757.0,105700,4,1,0,1045710945
156,rania0709,106332.8,105280,4,1,0,6587515336
157,Tenxi377,105948.0,81000,26,12,7,7805091959
158,Kaswan202,105944.00000000001,76000,64,25,6,6516688013
159,SKserge,105802.14,100860,7,2,1,1442295192
160,Juikvk,104938.99999999999,101000,3,1,1,7784606351
161,the_v_h_s,104679.54000000001,102627,8,2,0,5645698523
162,checkmate6464,104184.075,101643,7,3,0,7910409125
163,AndreykaBarmaleyka,103910.4,101376,7,3,0,309067504
164,Tundecrypto,103329.296,97114,16,3,1,6221491790
165,Erisinka,103020.0,102000,4,1,0,8176928815
166,Lily0572,102465.00000000001,81000,25,15,5,7824199486
167,sparkle_DAO,101452.24,72208,33,12,10,6631792962
168,Liudlych,100878.0,43000,296,80,19,1196232556
169,Nayxil19,99600.00000000001,80000,29,11,5,7550466894
170,7378360004,98859.98499999999,97399,9,1,0,7378360004
171,Salvador05,98332.08,96404,2,3,0,7219388123
172,Luxxy67,98072.0,82000,34,7,4,8131265277
173,Chura378,97744.0,82000,30,12,3,7813263987
174,Kgogu9,97439.99999999999,96000,3,2,0,743348433
175,yegrium,97297.34,96334,4,1,0,6271281178
176,YYEELLL,97020.0,49000,212,78,10,1959477599
177,OneBlackCat,96181.4,68701,76,29,5,1614119553
178,Sanemiiie,95742.0,81000,32,10,3,8283744972
179,6388230137,95643.702,69762,83,28,4,6388230137
180,sijedomonz,95409.99999999999,94000,3,2,0,7999108913
181,zyferdd,95310.0,90000,11,3,1,1615196993
182,Amirh0,95017.19499999999,93613,3,2,0,92723840
183,vladddd125,94679.2,93280,3,2,0,7542395508
184,K_M_A05,94610.75,88010,33,7,0,358790126
185,ogslava_v,94503.0,51000,139,59,12,7063338675
186,Zoroamir,94282.49,93349,4,1,0,7488124753
187,fuhzannu,93930.0,93000,4,1,0,8233672492
188,Taurus367,93879.0,81000,27,17,1,7822944480
189,Zuxin378,93808.00000000001,82000,30,14,1,8073786421
190,giorgiwanderer,93648.64,63620,70,27,8,661541015
191,Bbmant,93582.99999999999,92200,3,2,0,7291861935
192,Meldapapin,93560.911,90049,3,1,1,7345400242
193,woonaanu,93464.99999999999,93000,5,0,0,7867190843
194,Nem0ss,93375.93999999999,91996,3,2,0,770871852
195,Advvi28,92987.99999999999,82000,32,12,1,8191046592
196,AnsoyWi,92987.99999999999,82000,32,12,1,8445567278
197,royalexhp,92921.4,85800,5,3,2,1527199056
198,Von_Alex,92920.0,92000,4,1,0,318081928
199,Yasihozh,92899.8,91980,4,1,0,7412286875
200,Skif3110,92398.31999999999,81480,32,12,1,6428312504
201,lolipapa222,92253.2,73450,46,15,4,6550051256
202,Xinghi7,91758.0,82000,35,9,1,8396615988
203,Yaruk1110,91495.6,63760,93,32,5,6901985857
204,Alexey_Ribalchenko_007,91136.511,82179,25,9,1,6743706566
205,Alexbrosko,90933.0,89150,2,3,0,114969149
206,BogdanHomik,90695.34,88917,2,3,0,336827329
207,Ixia37,90679.6,81400,36,8,1,8004676901
208,Kingz671,89790.0,82000,35,10,0,8090431432
209,kralgeofficial,89728.20000000001,63100,110,37,3,1020392071
210,Kopstav,89514.87999999999,88192,3,2,0,7175524313
211,evorvv,89390.00000000001,70000,61,21,3,811439704
212,minyakny,88740.0,87000,2,3,0,8395125611
213,W_T_Fedor,88547.73599999999,85224,3,1,1,53648993
214,ND_1L,88476.0,87600,4,1,0,1557464414
215,sparkledao,88432.632,69852,32,19,4,6653657312
216,gintaern,88304.99999999999,87000,3,2,0,8214208705
217,Ncum36,88150.0,82000,39,6,0,7940927337
218,Yaw0_0,87748.8,86880,4,1,0,7750723280
219,AlegBruh,87630.0,69000,36,14,5,878087332
220,8103104841,87434.99999999999,87000,5,0,0,8103104841
221,vanichart,87028.44,75480,21,12,2,452390659
222,PavelSuv,87024.95999999999,86592,5,0,0,1127537422
223,igorrrrrrrrrrrrrrrrrrrr,86654.868,75156,27,11,2,1717982301
224,saveliy59,86500.26000000001,60830,98,39,3,448715519
225,aa0lxs113,85344.59999999999,84920,5,0,0,199588419
226,life_debug_config,84637.08,81070,2,2,1,511481747
227,5811288539,84560.0,56000,108,42,5,5811288539
228,Sergey9k,84434.62,68870,40,11,4,438476031
229,7261088248,83289.92,78280,10,4,1,7261088248
230,rezkydrops,83232.0,81600,2,3,0,6652274521
231,cverka22,83194.33,69970,45,19,1,6692082898
232,Liss136,82936.952,63022,58,23,4,876593218
233,XABPyH,81518.11,80711,4,1,0,5142914287
234,Musashiroi,80998.266,43973,182,70,8,1841028334
235,crazik24,80519.0,73000,19,4,2,6739915676
236,notkass,80493.768,66414,38,14,3,304264566
237,buzzzklen,80487.31599999999,52028,85,37,8,7014044236
238,Dsverba,80407.914,69738,45,8,2,994336086
239,rezkyintan9596,79957.79999999999,79560,5,0,0,1124355940
240,Lastri999,79257.48,58840,95,27,3,6650502033
241,champion5252,79170.0,52500,100,33,7,7959518471
242,Steps1985,79089.0,77160,7,3,0,6388286606
243,kristin_live,78935.31,76266,5,5,0,5822609636
244,Mesmaeilmohammadi,78891.1,78110,4,1,0,7250139870
245,ministrelia0601,78842.87999999999,68440,32,5,3,5008028401
246,Superstupidboy,78805.818,50323,98,33,9,7517575512
247,5506517133,78592.14,49995,110,37,8,5506517133
248,yalomask,78287.965,77131,3,2,0,846523374
249,Freeda_Free,77925.0,75000,3,1,1,6568184487
250,Godamn9,77882.40000000001,74600,2,2,1,6781456497
251,RogozinE,77850.8,77080,4,1,0,7454912292
252,Drrezamo,77799.74999999999,76650,3,2,0,7248561492
253,h2zoro,77796.045,77409,5,0,0,7524748979
254,Mpo135,77666.4,77280,5,0,0,723750801
255,natnat_a,77550.0,75000,4,0,1,383333412
256,i588261236,77139.99999999999,76000,9,1,0,588261236
257,rudy_sv,76875.0,75000,7,3,0,5534354979
258,brainqdead,76870.9,74996,7,3,0,372055503
259,chikaqyu,76774.59999999999,75640,3,2,0,line:Ucc36344578bfa9eea68dd614729276cf
260,Alexander_Shikin,76732.73,75973,4,1,0,299990305
261,fernandes15,76560.29000000001,65830,37,11,2,807486836
262,Lumia_scam,76349.05,70045,48,7,0,6994622730
263,magnojezer,76132.105,75007,3,2,0,7740872150
264,marindone,75850.0,74000,1,4,0,7727519755
265,Gondurapsina,75377.01,75002,5,0,0,350450110
266,6975353066,74997.56,71768,9,6,0,6975353066
267,zoomtt1987,74740.0,74000,4,1,0,810264175
268,rosamil1,74740.0,74000,4,1,0,8083758171
269,Maks_G7,74518.73999999999,74148,5,0,0,1816011478
270,7746979117,74369.99999999999,74000,5,0,0,7746979117
271,Xeny1,74121.88,73388,4,1,0,5156276198
272,Kingjoab,73932.0,73200,4,1,0,2135000748
273,ivanke9000,73657.33200000001,70553,2,2,1,7100693230
274,cheburahapnz,73440.0,72000,8,2,0,131405280
275,jlfc94,73348.063,69001,3,0,2,789878169
276,AethersTele,73150.805,67795,19,5,1,1538931570
277,helloavax,72952.632,69878,2,2,1,961111923
278,F_E_S_S_1,72640.5,59250,40,11,4,6790941148
279,cryptodze,72576.4,44200,132,45,8,1320384195
280,Saturn26rus,72430.59999999999,70664,19,1,0,42457442
281,ale55io,72348.8,36800,216,80,9,106333361
282,n_i_n_a_o,72217.25,71150,3,2,0,793283539
283,jujunchh,72180.0,60000,35,18,2,6045724002
284,veron_astr,71675.4,70270,2,3,0,6209221010
285,Zoroami,71604.18999999999,70546,3,2,0,7368160523
286,ilyacheshkoff,71556.0,67000,2,1,2,5219845655
287,vitaliyrtrk,71267.48000000001,60040,25,12,3,520639515
288,Guiaix,71115.11,70411,4,1,0,728286435
289,zubeyr_muslim,70688.1,57470,26,9,5,1203796843
290,Aurora11000,70524.0,54000,78,18,4,7441598034
291,Dak_ak,70224.0,66000,10,4,1,7951795160
292,Iriska1006,70178.09999999999,66900,7,2,1,896954495
293,MrMeliafaro,69821.136,58772,38,15,2,244954118
294,SeanCasey,69613.0,67000,3,1,1,458567363
295,koexto,69557.95,68530,3,2,0,432925218
296,Sabotage_zx,69344.99999999999,69000,5,0,0,273660730
297,soldyou,69020.0,68000,3,2,0,1686793523
298,minhairov,68480.0,64000,28,7,0,620390049
299,menjaw,68094.2,67420,4,1,0,6302344726
300,kakbinexotelosb,67847.64,49560,63,21,6,6926803475
301,dlsllgs,67839.12,49590,56,17,7,1408411748
302,greennoni0n,67802.0,58000,43,16,1,5418518677
303,misterxdark,67670.0,67000,4,1,0,7083525432
304,Sergbarey,67413.46,66746,4,1,0,1329819814
305,fajrria,66990.0,66000,3,2,0,8138782736
306,Knparty,66608.064,56352,32,10,3,7312960078
307,olchlx,66585.519,57057,35,7,3,6288891452
308,crypto_protector619,66126.6,64830,14,1,0,6938521107
309,Crcrcrrrc,65495.920000000006,60088,30,10,0,398165836
310,Soln_shka89,64640.0,64000,4,1,0,964136356
311,getgem_scout,64596.492999999995,37931,127,36,12,453173351
312,imitz,64413.049999999996,62842,7,3,0,line:Ufdc667942d1c6748fd9c6dc70e79103c
313,wise79RF,64200.848999999995,61791,3,1,1,1026223523
314,7763194818,64135.0,63500,4,1,0,7763194818
315,7927066327,64092.869999999995,63774,5,0,0,7927066327
316,Ronron303030,64022.14000000001,52780,51,17,2,6851662071
317,Julay222,63985.59999999999,63040,9,1,0,6506551765
318,Galaa111,63944.99999999999,63000,3,2,0,7494003158
319,vilyjemz,63916.26,62663,8,2,0,6010532984
320,Tio142,63314.99999999999,63000,5,0,0,7452257204
321,hiob23,63142.090000000004,55730,25,8,2,5106501384
322,YuriiSergi,63046.52,60680,3,1,1,1755907034
323,PieroElSolo,62782.72,58240,6,2,2,1724215461
324,Torvald619,62640.0,60000,8,1,1,1733099513
325,gabminhchau,62583.64,61964,4,1,0,5248950411
326,LWRjTC,62339.99999999999,60000,3,1,1,6761311371
327,yarohicho,61907.99999999999,61600,5,0,0,1911387338
328,gameten,61820.00000000001,55000,40,9,1,1187604414
329,afrizal222,61750.8,60540,8,2,0,1967324429
330,gora123321,61583.05,39731,112,48,5,565653479
331,Mishkakod,61499.99999999999,60000,7,3,0,6202441591
332,bFRuaW,61304.99999999999,61000,5,0,0,6441887311
333,Crypto_miha,61285.79,60679,4,1,0,5835434348
334,Artyrios,61206.52999999999,60302,3,2,0,483069179
335,MikhMan,61200.0,60000,2,3,0,333542722
336,PuwqjU,61200.0,60000,2,3,0,7033824224
337,darianohka,60632.88,52360,26,12,2,1882954913
338,mauricc18,60600.0,60000,4,1,0,6861029795
339,AdaPatt1i,60552.0,58000,2,2,1,5076101862
340,BlomsHelen,60552.0,58000,2,2,1,5054753779
341,matovskikh,60271.164000000004,57731,2,2,1,677251938
342,ReevesEthelbert,60261.99999999999,58000,3,1,1,5058657252
343,balestoo,59972.0,58000,4,0,1,5049143955
344,AmeliaB9d,59884.99999999999,59000,3,2,0,5024232481
345,Ozi,59859.99999999999,58400,1,4,0,line:U998d4619654a40b8c2ffd41516358288
346,radamant01,59696.406,55377,12,1,2,429057856
347,chikaqyu,59667.3,55350,6,2,2,2129922780
348,Nukubots,59590.0,59000,4,1,0,7649239056
349,Dondokekeks,59576.399999999994,59280,5,0,0,992876583
350,JacobHa09s,59449.99999999999,58000,1,4,0,5039770492
351,RobertTeras,59294.99999999999,59000,5,0,0,5041180360
352,7286830684,59024.0,56000,6,3,1,7286830684
353,Muhraj1,58795.452000000005,50124,47,11,2,270318611
354,soundsintense,58792.8,57640,2,3,0,887339453
355,dzhey,58626.4,53200,6,1,3,7113946516
356,KevinSt73ss,58580.0,58000,4,1,0,5060870918
357,thesemenko,58514.759999999995,56536,5,5,0,488633056
358,7391093771,58402.189999999995,56210,3,1,1,7391093771
359,ZitaandGi,58241.28,37120,107,47,6,2133121268
360,OliverH83a,58140.0,57000,2,3,0,5072689618
361,Temlis0l,58096.56999999999,57238,3,2,0,1567294389
362,Aridan_7,58048.398,50786,29,9,2,5315938649
363,Evgeniip2975,57641.56,53720,7,1,2,318735245
364,radele4ka,57509.4,56940,4,1,0,244188668
365,DashaHal_BITS,57420.0,55000,2,2,1,458314249
366,bsaajanabsbs,57144.99999999999,55000,3,1,1,7672254497
367,rat3user,56952.72,55080,4,0,1,339603907
368,desiyandri,56812.649999999994,56530,5,0,0,7268229478
369,Ivaivan0,56529.23999999999,56248,5,0,0,7004917176
370,Onixkhv,56490.840000000004,54110,2,2,1,746228154
371,X_x_666_x_X,56312.2,55480,3,2,0,591719855
372,wokonnt,56100.0,55000,2,3,0,7876339571
373,LightMario,56042.621,53939,3,1,1,5501915279
374,Dr_Samigulina,56034.8,55480,4,1,0,461160340
375,h1zoro,56020.895,55193,3,2,0,6316188212
376,Dandi700,55824.99999999999,55000,3,2,0,7898250237
377,soskna,55824.99999999999,55000,3,2,0,8134061297
378,foxhero1,55824.99999999999,55000,3,2,0,7749543316
379,vdk36320,55575.49999999999,54220,13,2,0,95563278
380,Jeff_nart,55571.21,55021,4,1,0,7050913884
381,Quickmanlol,55550.0,55000,4,1,0,7055626263
382,LmaoLLLq,55550.0,55000,4,1,0,6856821968
383,Vladimir99227,55550.0,55000,4,1,0,6539285521
384,polzovatelbbbb,55550.0,55000,4,1,0,6784986419
385,amiyahar,55368.2,54820,4,1,0,6682388054
386,sinigammm,55274.99999999999,55000,5,0,0,7953015697
387,Hanskim007,54716.619999999995,53908,3,2,0,560094401
388,stmnkv,54594.61499999999,54323,5,0,0,253325877
389,MarynaLes,54382.842000000004,49529,14,4,2,694231039
390,Alex21197,54345.6,53280,2,3,0,970546364
391,mdamods,54324.99999999999,53000,7,3,0,621450103
392,jeffreyrobbinson,54223.00000000001,43000,45,16,4,6782053548
393,Artem000_09,54155.4,51090,18,7,0,7114482651
394,brianhillas,54100.799999999996,44200,68,21,1,7182034842
395,levite2509,53729.284,45766,36,18,1,585323093
396,PandaVeg,53674.356,50684,11,3,1,853726164
397,fatinnn197,53499.0,51000,1,3,1,7827478057
398,karimtynxamon,53459.770000000004,45190,51,12,2,6747275064
399,Sunli8,53431.278,46141,26,12,2,5683311610
400,SPIKE05,53328.09999999999,52540,3,2,0,332673452
401,Love_Ghee_Ua,53250.23,52723,4,1,0,7940467119
402,BezFona,52520.82,49830,6,3,1,394036065
403,Kunca637,52288.0,43000,30,11,4,7608032848
404,nisijang,52113.0,43500,42,16,2,8004528793
405,873541594,51994.8,51480,4,1,0,873541594
406,kanzian,51764.99999999999,51000,3,2,0,8091407315
407,7621971050,51764.99999999999,51000,3,2,0,7621971050
408,Choy,51717.299999999996,51460,5,0,0,line:Udebf8410fc1b8b109985d628efae2924
409,haeanzj,51510.0,51000,4,1,0,8456298189
410,duajnim,51510.0,51000,4,1,0,8260568302
411,Goodbye_Youth,51326.6,49400,3,1,1,570308645
412,mainsoaaaj,51136.00000000001,47000,4,4,2,8342841404
413,kamado281,50869.0,43000,27,16,2,7953388535
414,Polohovyi,50749.99999999999,50000,3,2,0,7738431629
415,Kko_kalter,50676.71,41335,28,13,4,430119360
416,7588382538,50672.09999999999,50420,5,0,0,7588382538
417,1897557211,50668.799999999996,49920,3,2,0,1897557211
418,Gyumi467,50654.0,43000,28,15,2,8215684291
419,babyrz5,50300.964,48181,2,2,1,7091105258
420,Yra1206,50267.7,49770,10,0,0,397235558
421,ollec06,50256.0,36000,72,34,4,5734339216
422,Rezamohammady,50136.4,49640,4,1,0,238603853
423,7152596211,49877.1,49140,3,2,0,7152596211
424,Algerik9,49632.0,48000,4,0,1,7978010120
425,nataliasporty,49490.0,49000,4,1,0,1214172926
426,MartissOq,49192.00000000001,43000,30,14,1,7310757854
427,Tavsanplyus,49043.99999999999,48800,5,0,0,1439968999
428,chalexberg_real_estate,48922.974,41922,23,9,3,1403397947
429,OrionBreakneck,48912.85,48190,3,2,0,7895756083
430,otca_syn,48833.0,47000,3,1,1,328545939
431,kamzisns,48833.0,47000,3,1,1,8456526791
432,BooBooPie,48793.1,48310,4,1,0,1017277303
433,EthereaSkye,48719.99999999999,48000,3,2,0,6197863333
434,Tinota97,48719.99999999999,48000,3,2,0,7854410220
435,nocomment_fencer,48639.36000000001,43120,26,7,2,5078869454
436,unhai,48598.0,47000,4,0,1,8241546162
437,zuhanxyz,48598.0,47000,4,0,1,8169802910
438,anton3004,48504.94,46910,4,0,1,444114503
439,Monnika1993,48480.0,48000,4,1,0,7845559161
440,jaybret,48378.75,33950,65,35,5,7183465457
441,Rayzen61,48332.00000000001,43000,34,10,1,8063403568
442,RomanLucky8888,48160.0,40000,42,22,1,1850228021
443,yanzizd,47940.0,47000,2,3,0,8487597629
444,sarinamad,47742.12,45730,8,1,1,6471039901
445,Riesling3,47722.5,47250,4,1,0,6147813969
446,winzssy,47704.99999999999,47000,3,2,0,8229549994
447,nainzii,47704.99999999999,47000,3,2,0,7576090730
448,hianzee,47704.99999999999,47000,3,2,0,8445116029
449,mushop74,47643.12,38360,62,15,3,385825403
450,bobozyon,47636.99999999999,47400,5,0,0,541608398
451,nuzmanqt,47470.0,47000,4,1,0,8192068232
452,kenaizni,47470.0,47000,4,1,0,8341397874
453,juhandai,47470.0,47000,4,1,0,8203959489
454,IsEzdE,47470.0,47000,4,1,0,7267895303
455,alsu123123,47470.0,47000,4,1,0,7393423019
456,Qasa1111,47470.0,47000,4,1,0,7434356534
457,Denverus7,47265.149999999994,47030,5,0,0,7354578809
458,zumbbb,47234.99999999999,47000,5,0,0,8199491268
459,bon1111111,47234.99999999999,47000,5,0,0,7049434673
460,toniypol,47234.99999999999,47000,5,0,0,7284929685
461,7922605116,47197.49999999999,46500,3,2,0,7922605116
462,donaaaal,47197.49999999999,46500,3,2,0,8050921308
463,Vladislav_43,47160.32,39040,40,18,2,308120399
464,7980192923,47132.441999999995,41563,32,12,1,7980192923
465,Vitalii_Chaika20,47098.32,46632,4,1,0,1687902547
466,JHStudiovisual,46945.81,46481,4,1,0,1607486082
467,AttachmentMan,46823.6,46360,4,1,0,448231327
468,leketno,46732.49999999999,46500,5,0,0,7715172968
469,NVnight,46667.867999999995,39819,34,8,3,519938217
470,292994769,46600.74,45687,8,2,0,292994769
471,Savelyev_I,46282.5,45375,8,2,0,163239610
472,VitosVo,46003.803,44277,3,1,1,1838223811
473,nt_kvl,45948.0,42000,28,6,1,268027060
474,NindiraOx,45760.0,44000,10,5,0,8010758859
475,Tryarty,45722.856,36116,32,19,4,706381844
476,taurus_belarus,45444.594999999994,44773,9,1,0,338431880
477,P_Evstyunin,45134.450000000004,39350,27,5,3,633530236
478,brikoer,44880.0,44000,2,3,0,7956771479
479,Andreirebit,44813.7,44370,4,1,0,1685257925
480,a_live_woman,44803.6,44360,4,1,0,696025427
481,fitrifin,44591.85,44370,5,0,0,6388811961
482,blokirrrry,44440.0,44000,4,1,0,8092643974
483,hukanzi,44440.0,44000,4,1,0,8156990632
484,mnokkkt,44440.0,44000,4,1,0,7822869696
485,7525779143,44440.0,44000,4,1,0,7525779143
486,7870839907,44219.99999999999,44000,5,0,0,7870839907
487,SS095,43911.326,38894,39,10,1,456200245
488,rii098,43652.104999999996,43007,3,2,0,5115547345
489,7497801333,43634.8,42200,4,0,1,7497801333
490,AndreyKar,43583.89,35990,43,8,4,408268536
491,LilyJustAFlower,43279.6,42640,3,2,0,253668293
492,1010093125,43181.23499999999,41721,11,4,0,1010093125
493,Ludmila_crypto,43170.48,42324,2,3,0,6635331519
494,evgeny_kova,42978.145,42343,3,2,0,1088840626
495,Drop_Sunny,42867.43,42443,4,1,0,6374296261
496,Urzeke,42797.6,35080,22,8,5,6158215479
497,plasnitzu,42599.0,41000,3,1,1,6793639563
498,magvaer,42382.648,39316,6,2,2,99159510
499,dimesh76,42243.284999999996,41619,3,2,0,438159110
500,Nishanth_Velu,42194.77,41777,4,1,0,939085741
501,Dante04,42188.71,41771,4,1,0,820800841
502,mobdrir,42024.99999999999,41000,1,4,0,8069698536
503,Dogs0070000,41894.8,41480,4,1,0,7141667428
504,Eidolon2244,41807.99999999999,41600,5,0,0,490031968
505,yadirabtc,41614.99999999999,41000,3,2,0,7870911654
506,7977607885,41614.99999999999,41000,3,2,0,7977607885
507,h3zoro,41503.35,40890,3,2,0,7315437290
508,465381164,41473.763,39917,3,1,1,465381164
509,Soborna9,41420.119999999995,40808,3,2,0,6593363320
510,7858731340,41410.0,41000,4,1,0,7858731340
511,7565666999,41410.0,41000,4,1,0,7565666999
512,sizannnd,41410.0,41000,4,1,0,7625979448
513,oktvnazy,41301.0,39000,11,3,1,7926857479
514,8144683356,41204.99999999999,41000,5,0,0,8144683356
515,ganja774,40883.388,33566,32,21,2,763808688
516,NastiaSkvortsova,40662.6,40260,4,1,0,123269621
517,vipmagnat,40610.5,39620,7,3,0,324604579
518,Liarhmwt1,40599.99999999999,40000,3,2,0,8136698412
519,kareslav,40268.124,38571,2,2,1,283373592
520,ArtWasp,40241.704999999994,39647,3,2,0,176336988
521,Buggor73,39797.134999999995,39209,3,2,0,1876905031
522,5224820999,39743.5,39350,4,1,0,5224820999
523,Vladimir1_8,39727.649999999994,39530,5,0,0,1675383845
524,Artem000_07,39622.08,35760,12,6,2,6367466725
525,BOoMBoY49,39541.5,39150,4,1,0,2038528533
526,Kuma560,39473.384999999995,39277,5,0,0,line:Ud2e8e7942506498a5d7d6971eb0bd042
527,alenka_dja,39294.05,38905,4,1,0,1245964050
528,sucintoo,39194.99999999999,39000,5,0,0,7779281409
529,alx_brg,39094.65,37233,26,4,0,6403838608
530,m0322m,38975.99999999999,38400,3,2,0,2060511894
531,Limistea,38941.308,33921,40,8,2,6930583808
532,Aleks25nik,38777.94,38394,4,1,0,6188202688
533,nastealittle,38747.148,36762,6,3,1,1307951914
534,melanieben,38380.0,38000,4,1,0,7647404588
535,gusdewa92,38311.2,37560,2,3,0,6636095544
536,Justice7510,38109.6,31600,20,11,4,6864541436
537,pseehoon,38036.74,36260,7,2,1,5434823436
538,Artem000_08,37794.2,37420,4,1,0,6963273911
539,tonware,37742.759999999995,35640,5,4,1,90343545
540,crazik73,37536.0,36800,8,2,0,1532308789
541,grishabaratrum,37404.0,36000,3,1,1,1034605075
542,mmaximr,37066.8,36340,2,3,0,241471183
543,calibrovod,36936.45,35550,3,1,1,797664805
544,tongread,36758.700000000004,35550,4,0,1,821419354
545,TuckerNot,36568.42,36028,3,2,0,6337011469
546,7108194839,36540.0,36000,3,2,0,7108194839
547,N00B_1974,36238.8,35880,4,1,0,1551169380
548,konstr_olga,35332.092000000004,33843,8,1,1,559959288
549,Alexey699,35174.99999999999,35000,5,0,0,5024982117
550,BlackTAB75,35092.590000000004,30810,19,15,1,139246041
551,GreedSns,34845.0,34500,4,1,0,1648649636
552,Divizion56,34784.4,34440,4,1,0,250731499
553,fishchukkonstanti,34612.2,34440,5,0,0,1807087416
554,iddeso,34411.68,33120,3,1,1,5483439502
555,Bake3112,34398.35,33890,3,2,0,5074128855
556,Gofard,34163.25,33825,4,1,0,239905608
557,idaw02,34047.6,33380,8,2,0,6310352001
558,Aaxxeel,33567.700000000004,32590,6,4,0,660069237
559,rada_ira_rada,33561.22,29260,27,5,3,659522951
560,YevheniyDemchenko,33415.2,32760,2,3,0,995743974
561,Motorola_V8,33112.74,32948,5,0,0,7402461631
562,Larik000,32697.600000000002,31440,10,5,0,110435550
563,te0d0r0,32594.694999999996,32113,3,2,0,5966429631
564,8087257421,32376.336,30864,7,2,1,8087257421
565,seve90seve,32320.0,32000,4,1,0,1981982697
566,ponk3502,32232.0,31600,8,2,0,7455152476
567,Frienki_Loman,32073.999999999996,31600,9,1,0,1882854320
568,6376759845,31914.662,29578,7,7,1,6376759845
569,Worden_Aleksandr,31727.849999999995,31570,5,0,0,741113595
570,muklisss11,31620.0,31000,8,2,0,8110249576
571,7303066101,31364.34,28180,17,6,2,7303066101
572,saveno4ek,31245.66,30633,2,3,0,1068392820
573,1155785572,30903.749999999996,30750,5,0,0,1155785572
574,Evgen_bmk,30851.46,30546,4,1,0,6259476826
575,igor_dragun,30772.188,26034,20,12,3,415890025
576,olHrynch,30637.249999999996,29890,1,4,0,371574729
577,Makspetruk,30583.979999999996,30132,3,2,0,6611686260
578,Melamory75,30573.0,28440,27,8,0,7042768236
579,Amiksor,30542.4,30240,4,1,0,689232279
580,salsarafa,30106.9,29230,6,4,0,205665509
581,quanakj,29962.499999999996,23500,41,14,5,7562983865
582,5651721912,29797.774999999998,29071,7,3,0,5651721912
583,7227823386,29580.312,26601,10,2,3,7227823386
584,stso092,29458.670000000002,29167,4,1,0,5033112884
585,MRyzhov,29227.08,28654,2,3,0,279552999
586,Dar_Khan92,28638.225,28215,3,2,0,6058882781
587,sashka_alxndr,28577.324999999997,28155,3,2,0,382588840
588,kyr57,28343.75,22675,34,11,5,431535119
589,SAW0829,28126.404000000002,26941,8,1,1,415762434
590,FAUSTIX_00,27907.2,27360,2,3,0,564764793
591,7576246986,27797.544,26626,2,2,1,7576246986
592,BossevichT,27526.949999999997,27390,5,0,0,525798824
593,vmg9999,27514.368,23884,32,5,3,5134879165
594,tan_aleks,27143.75,26875,4,1,0,6644855185
595,HopiumLast,26947.234999999997,26549,9,1,0,6018976994
596,Ladangcuan04,26600.0,25000,16,3,1,7769420595
597,zhuraily,26329.68,25220,2,2,1,1487717651
598,marco503sv,26138.8,25880,4,1,0,6796837228
599,DTL175,25975.096,23048,13,4,3,5271429114
600,Valdomero14,25791.149999999998,25410,3,2,0,6429699876
601,kengogogo,25438.468,24602,4,0,1,507839679
602,Vitalij_Czajka,25366.879999999997,24992,3,2,0,7358841446
603,DAV197726,25138.9,24890,4,1,0,180107873
604,aidhrb,24632.549999999996,24510,5,0,0,1381512307
605,aloha_hell,24622.499999999996,24500,5,0,0,449135833
606,Albehmae,24622.499999999996,24500,5,0,0,7488316772
607,dapyo13,24489.18,24009,2,3,0,1954690527
608,OlgaKone76,24408.670000000002,24167,4,1,0,5188417924
609,miguelaamigo,24271.31,24031,4,1,0,953057469
610,Arktic85,24226.62,23430,4,0,1,657469831
611,fundakkk,23897.0,23000,3,1,1,8257914097
612,BRielan,23562.0,23100,2,3,0,2055413812
613,jenkamz,23344.999999999996,23000,3,2,0,8495811210
614,sunnykim8892,23282.86,22090,12,2,1,7352874572
615,Serz1988,23239.64,19480,37,16,2,5201236225
616,strelok2770,23119.32,22666,8,2,0,209271853
617,zohhnuyy,23114.999999999996,23000,5,0,0,7358654871
618,kepcozzang1,22837.499999999996,22500,9,1,0,1194753781
619,TrueYAMA,22594.02,22151,8,2,0,1830055948
620,7169306135,21838.649999999998,21730,5,0,0,7169306135
621,vindestus,21819.0,21000,3,1,1,6531634003
622,artem_onmi,21641.510000000002,17930,39,13,3,6705793032
623,sunlra,21210.0,21000,10,0,0,843348180
624,RaZzoRr,21159.5,20950,4,1,0,204340391
625,OlegLet,20992.23,20682,3,2,0,1279792559
626,F3AR234,20562.885,20259,3,2,0,697724412
627,RhaenyraDamon,20424.0,18400,32,13,0,7723418835
628,2019660158,20422.2,20220,4,1,0,2019660158
629,vosto4nuibriz,20412.960000000003,18490,20,9,1,751595531
630,asdead11,20381.26,14353,96,29,5,890765478
631,susimek,20341.86,18870,6,2,2,6587950065
632,Panker85,20182.76,19240,7,2,1,5449774030
633,Gargamel57,20099.82,18980,5,4,1,563288711
634,1814968751,19829.28,17440,11,6,3,1814968751
635,Maxim240385,19731.600000000002,18900,8,1,1,5245635694
636,angel1na756,19447.788,13638,120,31,4,1343254935
637,Roller2007,19346.914999999997,19061,3,2,0,1836025634
638,1074249391,19167.26,18884,3,2,0,1074249391
639,khansaii,19094.999999999996,19000,5,0,0,6936314510
640,Ilkhom86,19075.512000000002,16152,25,6,4,423525506
641,AlloySatsonacci,18908.760000000002,17940,6,3,1,7144356261
642,mastrophot,18893.999999999996,18800,5,0,0,2018026
643,anatoliyzabila,18751.66,18566,4,1,0,649892024
644,RomaPQ17,18456.74,18274,4,1,0,1115878697
645,pidzhakov7,18332.929999999997,18062,3,2,0,5050024706
646,GustarN,18127.899999999998,17860,3,2,0,7238515227
647,hqlk2016,18099.2,17920,10,0,0,5020376275
648,felicedm,17891.649999999998,16490,31,9,0,504650617
649,VN7_7_7,17398.437,14367,25,11,4,1386677381
650,CriptoVSB,17200.3,17030,4,1,0,1593564683
651,Anzhi_MMA,16837.71,16671,4,1,0,844410487
652,Thiagovl89,16503.4,16340,4,1,0,5547499583
653,DennnnyN,16483.2,16320,4,1,0,2018958003
654,Diavolikiy,15857.6,14960,18,7,0,5535957150
655,V_strateg,15422.7,15270,4,1,0,1002925630
656,7315949289,15363.54,12420,57,15,3,7315949289
657,Felixist,15314.350999999999,14599,1,3,1,7459905740
658,Hunini99,15216.864000000001,14248,2,1,2,6115441026
659,pwee3,15135.3,15060,5,0,0,5158394539
660,ProKiliC,15120.454999999998,14897,9,1,0,637927622
661,dr_bumphead,14703.076000000001,12556,33,3,4,7571416821
662,cwbandreluiz,14680.439999999999,12420,20,12,3,1743056781
663,imaq80,14667.664999999999,13903,13,7,0,5226997941
664,Shtorm13777,14570.380000000001,14146,6,4,0,5247087710
665,victortiz0,14161.187,12433,43,11,1,14677544
666,ronronero,14087.5,12500,19,3,3,5309196561
667,Mustafaalbulushi,14079.4,13940,4,1,0,5530461419
668,nazarbazhaluk,13443.1,13310,4,1,0,582821744
669,Solanagirrl,13130.0,13000,4,1,0,5319540335
670,sucrs3,12699.220000000001,8740,69,29,7,7183114516
671,TaGalKaung,12423.599999999999,12240,3,2,0,1816562340
672,nautpa,12403.2,12160,2,3,0,1831201594
673,gridz21,12243.914999999999,12183,5,0,0,385105124
674,Greg4x,12157.32,11480,5,4,1,505939124
675,psychxelbr,12155.260999999999,11699,3,1,1,442714674
676,Savdeev75,12094.739999999998,11916,3,2,0,709511256
677,snow_hello,12086.426,11689,4,0,1,7396023964
678,Oleglom11,11956.38,11838,4,1,0,456894336
679,Harabas,11603.89,11489,4,1,0,1983366905
680,BBC1389,11541.768,8961,60,28,2,842229606
681,Kristi_summer,11486.55,10950,7,2,1,1466020089
682,Salim1984,11130.0,10600,14,6,0,1886492353
683,zeroblockchain,10909.5,10500,3,1,1,230337734
684,1512640815,10348.800000000001,9600,0,3,2,1512640815
685,AlekseiTimoschuk,10195.231,9719,7,2,1,884534574
686,8495118562,9205.8,9160,5,0,0,8495118562
687,heru0910,9135.0,9000,3,2,0,6899679075
688,voxyear,9124.849999999999,8990,3,2,0,5169559031
689,7051055759,9115.81,8690,7,2,1,7051055759
690,kayostars,8868.903999999999,8536,3,1,1,7035312577
691,darlay,8830.5,8700,3,2,0,570813183
692,Beregovoy9187,8806.19,8719,4,1,0,1325797334
693,on0tole,8772.0,8600,2,3,0,147181844
694,Nigasan,8716.3,8630,4,1,0,7921631914
695,yahboiji,8485.4,8360,3,2,0,5361039106
696,Lavr14_03,8258.039999999999,8136,3,2,0,1469270087
697,trideniz,8095.15,8015,4,1,0,7049624393
698,ekaterina071185,8039.999999999999,8000,5,0,0,7267817521
699,dimatah,7500.759999999999,5260,90,36,4,5461403877
700,MillDim,7314.23,6490,19,3,3,475208403
701,fb8GVIlEcvcONvjc,7225.68,6160,47,11,2,487914982
702,OneDesire,7201.308999999999,6931,3,1,1,1289282341
703,Surprise9011,6938.880000000001,6240,10,2,3,1274270464
704,Skrillvip,6602.025,6441,7,3,0,742264856
705,Renggo1,6438.0,6000,7,1,2,6110634052
706,printing_labs,6302.4,6240,4,1,0,772008696
707,862254166,6200.2,5800,9,5,1,862254166
708,luckedra,6190.799999999999,6160,5,0,0,422542802
709,RRJSB,5760.215999999999,5544,3,1,1,7195933882
710,SleepingFlo,5532.78,5478,4,1,0,5983007427
711,T011XA,5454.96,5348,2,3,0,1065914192
712,vadim_zhivov,4640.084999999999,4617,5,0,0,1081511636
713,7977338646,4512.0,4000,32,6,2,7977338646
714,Tymur_TiM,4488.33,4466,5,0,0,247107340
715,HuracanTerapia,4402.32,4316,2,3,0,497486394
716,ojong123,4197.56,4156,4,1,0,6961119457
717,joshuawbn11,4110.7,4070,4,1,0,5754333551
718,iPara,4062.2400000000002,3720,2,0,3,line:Udadabeba3e91c2c76c52af3a0953600f
719,jiagojo,3662.22,3644,5,0,0,7192103768
720,ttazzikk,3353.3279999999995,2088,120,36,9,369064921
721,daangL33T,2618.2799999999997,2520,3,1,1,1820737650
722,JesterrBlackC,2585.0,2500,4,0,1,7068627922
723,6171169213,2550.0,2500,2,3,0,6171169213
724,KylianVR,2550.0,2500,2,3,0,7376827324
725,7851899909,2525.0,2500,4,1,0,7851899909
726,7775813875,2525.0,2500,4,1,0,7775813875
727,8019701533,2512.4999999999995,2500,5,0,0,8019701533
728,dinamitdao,2448.0,2400,2,3,0,6241700657
729,AmberStewart03101992,2119.25,1750,19,12,4,8042393685
730,welnnott,2098.0,2000,1,3,1,8050595721
731,godbolte1,2020.0,2000,4,1,0,1867264566
732,thanhnhas97,1620.0,1500,26,9,0,7727908832
733,choypayatot,1579.64,1564,4,1,0,1857394009
734,Phan Tuan,1537.92,1440,2,1,2,line:Ue24891e97d70de5686e50b3f3dd97d44
735,minhxm,1350.05,650,219,78,13,1625181072
736,djeansu,1288.5040000000001,1211,10,4,1,7534110371
737,Segos276,1262.3380000000002,1171,12,1,2,1983194952
738,Ant0tek,940.9049999999999,927,3,2,0,5410909738
739,Cornho1io,835.5840000000001,768,10,3,2,7188269003
740,Sandr711,680.74,674,4,1,0,1560252614
741,LilyJustAFlower,260.434,197,70,27,3,line:U4925352cbe7d8728f44b8afb8954835e
742,alextigerv,245.709,207,31,11,3,5416107807
743,LeoBroncos,118.982,82,133,33,4,579515680
744,7468714637,46.992000000000004,44,2,1,2,7468714637
745,AigaIscenko,44.772,39,28,10,2,1712114382
746,7984896899,43.47200000000001,38,36,13,1,7984896899
747,steel_man568,21.42,21,2,3,0,7996431060
748,TK43j2c6sZ,16.16,16,4,1,0,5302704331
749,UpViewMarketing,14.14,14,4,1,0,730151615
750,5160038433,3.5039999999999996,3,36,12,2,5160038433
751,TakoiAAS,2.01,2,5,0,0,311456411
752,VeraS_MVP,0.0,0,38,14,3,912276441
753,runnerforest,0.0,0,5,5,0,1706902193
754,unit4440,0.0,0,5,0,0,7514395360
755,NirvanaDobriy,0.0,0,59,28,3,435387874
756,sashaeilat,0.0,0,9,1,0,1037488464
757,KingRepizo,0.0,0,7,3,0,1703342405
758,SmithKron,0.0,0,3,1,1,482762397
759,8143439261,0.0,0,2,3,0,8143439261
760,7433101157,0.0,0,4,1,0,7433101157
761,5264963423,0.0,0,4,1,0,5264963423
762,8004348909,0.0,0,5,0,0,8004348909
763,ghost7639,0.0,0,6,3,1,5114822709
764,llleeegggeeennntttuuurrraaa,0.0,0,4,1,0,5623408008
765,Since199Os,0.0,0,8,2,0,846191686
766,JayvieGojo,0.0,0,3,2,0,5822426481
767,ihor_riabukha,0.0,0,70,31,4,380410690
768,heymaoc,0.0,0,3,2,0,8006490097
769,AKCAHOM,0.0,0,7,1,2,771280033
770,tottip777,0.0,0,3,2,0,405698817
771,nick_for_tel,0.0,0,4,0,1,521279149
772,analygin,0.0,0,5,0,0,550440267
773,7578760006,0.0,0,17,11,2,7578760006
774,cryptocrash15,0.0,0,3,1,1,1721941977
775,B10ur,0.0,0,4,0,1,5284706760
776,denisverr,0.0,0,34,10,1,732095900
777,Glazic,0.0,0,5,0,0,1071388201
778,purple01meow,0.0,0,4,1,0,994638630
779,tdaik,0.0,0,5,0,0,5132404521
780,MegaboxBS,0.0,0,3,2,0,164190065
781,Johnny_Depp1992,0.0,0,2,3,0,136343597
782,Greenfrog7777,0.0,0,9,0,1,1187006917
783,ibon99,0.0,0,163,56,11,1019260569
784,TonyNikl,0.0,0,12,3,0,6426662837
785,heycjo,0.0,0,4,1,0,7608468341
786,Sergey_dr,0.0,0,16,4,0,1143354705
787,nkd10,0.0,0,4,1,0,384175819
788,Resident747,0.0,0,5,0,0,812325627
789,rog11235,0.0,0,4,1,0,166699865
790,luffy317S,0.0,0,4,1,0,6333934381
791,Xjdjdjdjjdj,0.0,0,388,141,26,7221952160
792,5540970666,0.0,0,46,13,6,5540970666
793,Overlordss,0.0,0,5,0,0,569649470
794,fostmv,0.0,0,2,2,1,896131367
795,Partyzan123,0.0,0,5,0,0,87429490
796,68529263,0.0,0,9,6,0,68529263
797,rebus43,0.0,0,4,3,3,6754106782
798,laxus3092,0.0,0,5,0,0,1873015174
799,tumenuun,0.0,0,0,5,0,7745928075
800,Andersonpf07,0.0,0,40,10,5,625020850
801,Penwhoyouare,0.0,0,23,8,4,7483556142
802,Mainline_eth,0.0,0,9,0,1,6207385047
803,Gisakhan,0.0,0,5,0,0,6721792583
804,alecs1,0.0,0,3,2,0,802503772
805,7701447392,0.0,0,46,12,2,7701447392
806,Evgeniaven77,0.0,0,26,6,3,828307911
807,Mikhail_Sergeyevich,0.0,0,9,1,0,1213530451
808,damkus,0.0,0,4,1,0,6282020409
809,onlinemoney1,0.0,0,2,2,1,284063081
810,will_be_added,0.0,0,22,6,2,781800640
811,h0tah,0.0,0,7,1,2,231613717
812,michallenge,0.0,0,56,21,3,634273802
813,MikhailDibrivny,0.0,0,5,0,0,96638113
814,Alexeyy_dem,0.0,0,24,5,1,348869324
815,ZhNiNa,0.0,0,14,6,0,1341445626
816,heymilkaaa,0.0,0,3,2,0,8101648136
817,reamfer,0.0,0,8,2,0,1015154256
818,7888918010,0.0,0,4,1,0,7888918010
819,dastxrd,0.0,0,3,2,0,1761505662
820,snow_illustration,0.0,0,9,5,1,6844594341
821,1288660628,0.0,0,2,3,0,1288660628
822,mnb550,0.0,0,29,10,1,319926394
823,wasimrizko,0.0,0,2,3,0,5217772339
824,Umarbek9119,0.0,0,56,13,1,548509032
825,meet_myself,0.0,0,3,1,1,373385727
826,danhggte,0.0,0,27,11,2,8026696713
827,TarasovArtur,0.0,0,4,1,0,371042856
828,demy_btc,0.0,0,4,1,0,5305424270
829,7757579139,0.0,0,5,4,1,7757579139
830,8143532564,0.0,0,28,15,2,8143532564
831,IXABPyHl,0.0,0,8,6,1,1057946482
832,gastondefi,0.0,0,4,1,0,1628981727
833,Spitfirest,0.0,0,2,3,0,1112068682
834,jillian_19,0.0,0,44,23,3,5786601600
835,TheLordConstantine,0.0,0,201,78,11,127429318
836,CryptoReaper69,0.0,0,29,10,1,1614076773
837,doktor_lektor1,0.0,0,1,4,0,5401258355
838,kartuz1004,0.0,0,3,1,1,7914463717
839,saveliy595,0.0,0,100,35,10,6116664663
840,7776372591,0.0,0,3,2,0,7776372591
841,FennecusFL,0.0,0,2,3,0,816970547
842,7782534953,0.0,0,7,3,0,7782534953
843,RoVol_UR,0.0,0,4,1,0,428668317
844,Igor_Bondarev,0.0,0,149,45,11,373056971
845,ivanykovych02,0.0,0,32,15,3,1148642184
846,abrakadabradebil,0.0,0,8,2,0,7551654719
847,5996583044,0.0,0,9,1,0,5996583044
848,6453587748,0.0,0,6,4,0,6453587748
849,gizmo_vasto,0.0,0,48,14,3,5678820266
850,shecallmedante,0.0,0,4,1,0,534698483
851,5718416241,0.0,0,3,2,0,5718416241
852,snatali_5_7,0.0,0,29,8,3,5707107257
853,shinchills,0.0,0,3,2,0,5141545225
854,LeonenkoIlya,0.0,0,4,1,0,422666402
855,yurirobel,0.0,0,3,2,0,1287742811
856,6227289254,0.0,0,2,2,1,6227289254
857,treun56,0.0,0,2,3,0,6949088266
858,chlxbrg,0.0,0,15,9,1,362746377
859,Ourgalaxy0907,0.0,0,3,2,0,476283381
860,phongvuusdt,0.0,0,18,15,2,7953727575
861,1544756804,0.0,0,3,2,0,1544756804
862,fourrhipov,0.0,0,3,2,0,197899394
863,Tiraeli,0.0,0,6,4,0,5751743236
864,8164905344,0.0,0,5,0,0,8164905344
865,8127443514,0.0,0,27,9,4,8127443514
866,Vladimir_crypta,0.0,0,18,6,1,6234324905
867,redexed,0.0,0,3,2,0,405670923
868,Jwnguyen,0.0,0,1,3,1,6215970316
869,8146163487,0.0,0,4,1,0,8146163487
870,gusobnim,0.0,0,5,3,2,1472237454
871,weizob,0.0,0,5,0,0,7183935425
872,dipalisinghh,0.0,0,52,17,1,6815887681
873,GWprp,0.0,0,4,1,0,174430893
874,Tohadrums,0.0,0,13,2,0,788785364
875,熊谷　晋兵,0.0,0,3,2,0,line:U654b5022df33fccf4c0e4d571356f854
876,tgram_market,0.0,0,140,61,9,6687579264
877,Ilyas28,0.0,0,2,3,0,384147075
878,7868316935,0.0,0,3,2,0,7868316935
879,MOA123777,0.0,0,2,3,0,6508151935
880,Maksnuts,0.0,0,33,13,4,1135810124
881,2093798465,0.0,0,347,144,29,2093798465
882,7560076504,0.0,0,22,3,0,7560076504
883,8160637644,0.0,0,3,1,1,8160637644
884,8114443469,0.0,0,3,2,0,8114443469
885,jekanzzfr,0.0,0,3,2,0,8321082323
886,Tulibad,0.0,0,8,2,0,414435554
887,vitaliy311017,0.0,0,58,25,7,6777729604
888,Ptero77,0.0,0,6,4,0,233627833
889,dave_crn,0.0,0,14,4,2,7009448994
890,Vvfccvcff,0.0,0,364,142,19,7302265767
891,AlexanderHamilton07061992,0.0,0,19,10,1,7329334237
892,7362764993,0.0,0,41,10,4,7362764993
893,heavymetalinmybrain,0.0,0,5,0,0,393564236
894,Trinitybum,0.0,0,394,145,26,7680090150
895,AlbertSantos18121992,0.0,0,23,7,0,7915690604
896,Kucherrrro,0.0,0,76,21,3,1102833966
897,Teror2,0.0,0,5,0,0,412359064
898,phayu94,0.0,0,217,85,18,1122604751
899,bakhteevrr,0.0,0,5,5,0,1039978897
900,max777str,0.0,0,204,76,10,7371089637
901,Corvus,0.0,0,1089,399,87,line:Ubc35a5c95cc0044411696cb5d38cf030
902,yuri_1203,0.0,0,22,5,3,5244044785
903,bambastic94,0.0,0,3,2,0,556771492
904,DjabaEmha,0.0,0,3,0,2,45123447
905,maslena92,0.0,0,34,16,0,109588940
906,Dag059506,0.0,0,341,136,23,5094991042
907,vaughnivan,0.0,0,3,1,1,5019516605
908,VladimirrrSG,0.0,0,4,1,0,576729743
909,bronk43,0.0,0,7,2,1,7003498824
910,Columbinbs,0.0,0,372,157,31,7935702405
911,Umar9119,0.0,0,81,21,3,6772107164
912,Ramil_al,0.0,0,1,3,1,1676299269
913,ttt3124,0.0,0,4,1,0,1737934885
914,Gigabit_ton,0.0,0,373,148,19,7899700845
915,Blondanizm,0.0,0,365,141,19,8114217914
916,chrysler777,0.0,0,3,0,2,5100373117
917,Jenya1101,0.0,0,5,4,1,498875185
918,boltikova,0.0,0,3,2,0,569256146
919,ChrolloTx,0.0,0,3,2,0,7285631091
920,jintmao,0.0,0,4,1,0,7691214425
921,Defs999,0.0,0,5,0,0,1004777670
922,munahes,0.0,0,4,1,0,7761051752
923,Queshibenshiu,0.0,0,3,2,0,6396651288
924,DenadaaZ,0.0,0,8,2,0,7356992564
925,sowlaa,0.0,0,4,1,0,7977104919
926,kafayooo,0.0,0,4,1,0,8179239525
927,u_eth,0.0,0,4,0,1,5074245642
928,7630496595,0.0,0,5,5,0,7630496595
929,7723895872,0.0,0,2,3,0,7723895872
930,7839785659,0.0,0,2,3,0,7839785659
931,kirrillius,0.0,0,42,16,2,174732638
932,crypto_avocado,0.0,0,55,15,5,5896508558
933,7395885228,0.0,0,1,4,0,7395885228
934,Lusik2,0.0,0,106,41,8,460020156
935,azistek,0.0,0,219,84,17,5811242274
936,kaktus_joine,0.0,0,43,15,2,301385812
937,ibxd96,0.0,0,5,0,0,365816691
938,TimTLT,0.0,0,33,11,1,1187896467
939,Fjfjfjfjccc,0.0,0,391,115,19,7319962839
940,Nazarbaeev36,0.0,0,158,58,9,810432427
941,Vvvkcvkkvck,0.0,0,386,154,25,7900561453
942,Ehehdudub,0.0,0,377,156,32,7875432264
943,Yulouy,0.0,0,4,0,1,665234664
944,t1m_ksh,0.0,0,13,2,0,613033791
945,8042028893,0.0,0,5,0,0,8042028893
946,SantoryuU3,0.0,0,5,0,0,1162798851
947,7991428620,0.0,0,2,2,1,7991428620
948,7441894874,0.0,0,4,0,1,7441894874
949,8112035613,0.0,0,2,3,0,8112035613
950,7930062760,0.0,0,7,3,0,7930062760
951,zen_serg,0.0,0,2,3,0,567477719
952,Artem_Chebotarev2024,0.0,0,45,15,5,5282570639
953,6970076277,0.0,0,40,14,1,6970076277
954,Albert_lain,0.0,0,4,1,0,681819236
955,7208344656,0.0,0,25,12,3,7208344656
956,Julani,0.0,0,3,2,0,546206198
957,ProServisVL,0.0,0,3,2,0,1214157058
958,VL5VL5,0.0,0,100,32,13,171473955
959,7910925528,0.0,0,31,8,1,7910925528
960,560189662,0.0,0,3,2,0,560189662
961,jannces,0.0,0,3,1,1,5091001374
962,7636422174,0.0,0,30,10,0,7636422174
963,Yaseen319,0.0,0,4,1,0,6456851115
964,bloodshedd,0.0,0,4,1,0,466479225
965,7822527270,0.0,0,25,12,3,7822527270
966,Timur_Ribalchenko,0.0,0,5,0,0,7034985942
967,7964585151,0.0,0,26,11,3,7964585151
968,7660393399,0.0,0,76,25,4,7660393399
969,ZVV2411,0.0,0,15,5,0,6200382100
970,8132743463,0.0,0,31,8,1,8132743463
971,8036036170,0.0,0,31,3,6,8036036170
972,7812301885,0.0,0,24,15,1,7812301885
973,Sergii_K1,0.0,0,25,8,2,944958482
974,Moldvan,0.0,0,4,1,0,1418839514
975,7779318253,0.0,0,28,10,2,7779318253
976,youngLADY62,0.0,0,13,1,1,1049248385
977,TheCryptoMonster,0.0,0,2,2,1,1474104798
978,Duck_durk,0.0,0,82,23,10,7079527193
979,7227936722,0.0,0,29,9,2,7227936722
980,lizzahhh,0.0,0,8,2,0,6631103677
981,8076024986,0.0,0,28,9,3,8076024986
982,Dmytro,0.0,0,15,5,0,line:U5124cdeea557455ec95108985cda1dbf
983,samintuk,0.0,0,3,2,0,6711436716
984,7315619835,0.0,0,31,9,0,7315619835
985,7819256934,0.0,0,35,8,2,7819256934
986,7947893463,0.0,0,32,8,0,7947893463
987,mentiou,0.0,0,3,1,1,6149077801
988,8035772286,0.0,0,28,10,2,8035772286
989,8199484072,0.0,0,31,6,3,8199484072
990,RobertM8e2,0.0,0,3,1,1,5058353398
991,Olga,0.0,0,2,2,1,line:Ub3287e7af23312c2d196117168f7faed
992,7768635192,0.0,0,27,10,3,7768635192
993,LamboDiabl,0.0,0,4,1,0,1071269018
994,7478007086,0.0,0,25,11,4,7478007086
995,7746831959,0.0,0,31,9,0,7746831959
996,7987652267,0.0,0,28,14,3,7987652267
997,violet_berrys,0.0,0,168,44,13,5320633298
998,hkukaist88,0.0,0,5,0,0,7674497745
999,8004856266,0.0,0,24,11,5,8004856266
1000,1971445964,0.0,0,4,1,0,1971445964
1001,hiimkat,0.0,0,23,6,1,256562490
1002,sw_iceman,0.0,0,3,2,0,552752256
1003,Demosthenes11,0.0,0,6,4,0,7084808387
1004,nkmslvstr,0.0,0,2,2,1,6063776779
1005,Baxmypka,0.0,0,7,2,1,line:Uaec442d65ca73b0412d1ea0e100a8472
1006,oy_craze,0.0,0,4,1,0,1190456595
1007,BestLyubov,0.0,0,81,33,6,5091197605
1008,JohnHud58,0.0,0,3,2,0,5091461634
