username,gold,userid
Riesling3,4518276,6147813969
RhaenyraDamon,1354740,7723418835
GreedSns,19404318,1648649636
zerozero_blue,4374045,6609654641
valmts,19312350,180345642
PandaCrew89,25785693,358709165
mistozy,6058581,291145802
evorvv,28891060,811439704
saveno4ek,40817003,1068392820
Devilucy,5949651,5705887673
skaydaulov,30551364,446493264
happyfack,4536970,445963156
Hanskim007,19527770,560094401
ÂãùÊàê,3780277,line:Ubcc524e3e856c25c5274f4af9c8b9cba
mmaximr,33709137,241471183
jlfc94,5378871,789878169
scarecrow344,19395858,474390083
1155785572,32658059,1155785572
Dante04,23919013,820800841
486736314,11404562,486736314
Dimadrmz,25111379,60840711
aloha_hell,23425788,449135833
testyourluck,7518317,315361585
otca_syn,15893162,328545939
VeraS_MVP,37485206,912276441
Evgeniy8829,32701776,422101943
nurkhan1993,24699857,802154461
runnerforest,28966980,1706902193
muro,2529000,line:Uc81c6f73c9989f3a023cfd770856bb31
cursed_fate,22957272,459749723
carlmigs,45938809,6438338173
tokmachka,1669650,798155416
ludzakura,28447018,510639825
Alexey699,8445505,5024982117
unit4440,32867554,7514395360
Asako kinoshita,80670,line:U0d609fd2ff4547f910c47b8d3fa01aa0
Harabas,33768609,1983366905
torChun21,37611965,885707952
MAKO,1567300,line:Ua1ebe3d6f0f33faeae820df20843240f
Danila_KG,17112644,7186299343
Alex01_0_0,15306844,1151007427
OrionBreakneck,40169528,7895756083
fcsmlegend,32921483,298858674
DAV197726,34558902,180107873
Niakristi,33988361,508599389
MikhMan,13211976,333542722
NirvanaDobriy,36523992,435387874
miguelaamigo,33814715,953057469
Ancouch,51039099,1049852601
calibrovod,29240981,797664805
OlgaKone76,32023305,5188417924
NeutronIvan,9396099,1526296005
jama894,30863455,608726098
Ê∏°Ëæ∫Ê≠£Áæ©,357280,line:Ucc370381b4c622fba7eec10c36145eba
Frienki_Loman,24995290,1882854320
„Çµ„Éà„Ç¶,141650,line:U1f582a9df6c591e76b69272bfed00b2d
sunlra,21048157,843348180
sashaeilat,9553734,1037488464
7907003382,27503366,7907003382
Ê©ãÊú¨,143930,line:U4728b8034b37b355f0dbe80bb8139345
KingRepizo,68150,1703342405
airborne081,17536685,325808689
happyturn0601,17605438,7050988394
kotolotto,34564431,105750370
soundsintense,14681224,887339453
zhuraily,2310040,1487717651
seve90seve,27202894,1981982697
Blavkmorgan,45179678,1607237399
7151799776,15917008,7151799776
evgeniy_exp,35318245,441327065
Blincke,2316430,1880028978
Melamory75,42205938,7042768236
SmithKron,25842198,482762397
8143439261,1532100,8143439261
igorrrrrrrrrrrrrrrrrrrr,20382467,1717982301
7433101157,1569200,7433101157
Quickmanlol,9889970,7055626263
5264963423,21811465,5264963423
ShadowID,35865874,94762135
Spinosaurus,13426256,line:Uda01dc761c4c9e6c0c720cff7b4a1aa2
nwnow,27947036,5901144647
Juiiol,18298671,5917762536
LmaoLLLq,9959260,6856821968
bobozyon,41468744,541608398
8004348909,1531550,8004348909
khiroshin,10601845,5232525961
292994769,36727573,292994769
Benssoonn,47771726,784567003
Artyrios,47064021,483069179
kkrlee3128,4856005,1709895998
Evgeniip2975,39863770,318735245
BomPaniss,1313237,8292308879
Leonidbon,27955084,876435883
Kopstav,50727589,7175524313
seokhwanam,11093877,1677589274
ministrelia0601,11475817,5008028401
Vladimir99227,10063580,6539285521
Butoane33,23314708,631996695
465381164,39937479,465381164
npatino,39444594,5825577973
1466610522,3478520,1466610522
Nohhyunjun,21273753,5063531786
ghost7639,19538963,5114822709
koexto,35557607,432925218
hiob23,1064170,5106501384
melanieben,3318585,7647404588
UJü¶î,768030,line:U5887885014882c18bd590a57e4bf7d70
Cyberblazer,36011776,5458875996
ND_1L,29545504,1557464414
Aleksandr_A_Kravtsov,35520925,390115258
Ant0tek,6441714,5410909738
llleeegggeeennntttuuurrraaa,43657083,5623408008
Since199Os,13975009,846191686
hysterriaa,15840499,374269859
„ÅæÔΩû„Å°888,231650,line:U7900ab6217a577a2b23d8e3c4623a641
radele4ka,41917578,244188668
JayvieGojo,32331625,5822426481
johnik82,16950044,610815800
7746979117,30844710,7746979117
taurus_belarus,38614691,338431880
vdk36320,20235622,95563278
RomanAtval,23351593,1089457364
BlackTAB75,42347166,139246041
cheburahapnz,22564401,131405280
Alex21197,28295958,970546364
Zhuchara322,40679263,114908306
SerhiiMarkus,21692018,563704239
ÊòéÁæé,530110,line:U0d371bbd0d7cdfd1f4e5e73dd5170328
LongYQ,156430,6599113673
ASKubonin,44952180,416322521
Justice7510,42307016,6864541436
T,4539341,line:Ub59677d05727410f52f44275345f1403
F3DY4_5,18594231,1114566121
ihor_riabukha,31964928,380410690
Maxim240385,7019471,5245635694
heymaoc,1175150,8006490097
„Åë„Çì„Åü„Çç,2334470,line:U612a09d91a3cad867d6c232a4ba920b4
MagicNinjaX,65870699,1644381684
7256405969,4259712,7256405969
printing_labs,16857737,772008696
rat3user,35376803,339603907
Bbmant,10398830,7291861935
psychxelbr,5339591,442714674
AKCAHOM,31589130,771280033
tottip777,13568219,405698817
eternalllx,11785165,218127256
nick_for_tel,29481129,521279149
Kodmin,30212729,351696701
ArinaK03,30272291,6833078755
Ivangoto,42969185,842070363
Vitalij_Czajka,38292262,7358841446
analygin,38718438,550440267
rezkydrops,16175571,6652274521
HopiumLast,33659452,6018976994
lesyanovikova,21664562,1692753516
AleKsei_Sam,28554614,1669939509
7578760006,1490590,7578760006
dulin_iv,35552685,7173030688
cryptocrash15,13525621,1721941977
FoxDollar,8147250,228373474
i588261236,41725305,588261236
Olka1887,43540181,1431224363
nurkhan93,22033797,1023454672
stmnkv,20920663,253325877
B10ur,27054593,5284706760
mobdrir,1039650,8069698536
k1ritoSAO,23882760,838825614
7950690688,1574800,7950690688
EvroMaks,22884915,827237984
SAW0829,22968169,415762434
honoluludrums,21734440,1416726062
m0322m,34204110,2060511894
H,733900,line:Uc331f4ca2d31c72b96725156dbebeeec
salsarafa,28259996,205665509
Iq753,19414428,1638785247
denisverr,23421462,732095900
6063307151,14806700,6063307151
MillDim,11780571,475208403
Glazic,27659580,1071388201
purple01meow,29653552,994638630
Ixia37,6749024,8004676901
Sans2707,22357755,1025748985
5880147663,30850956,5880147663
ilyacheshkoff,20097739,5219845655
FankyZ,306890,line:Uc3ca4e91206fd04d37dbf0e2bb4fdaeb
petro20181,13983973,5193544694
ganja774,25867408,763808688
RaZzoRr,111895508,204340391
Sandr711,6616209,1560252614
chalexberg_real_estate,26764451,1403397947
SoberSats,6874899,1676850472
Freeda_Free,37486329,6568184487
Anzhi_MMA,8498142,844410487
„ÉØ„Éã,617450,line:U5c391c05825c30a58db6aab2ed709e11
Dr_Samigulina,32260926,461160340
Emibubble,13134650,6147880868
tdaik,434650,5132404521
MegaboxBS,33315439,164190065
izifrom,20142809,576567611
Von_Alex,6136650,318081928
vladddd125,6609370,7542395508
Kiber_Kotleta_bot,6370040,406004984
7927066327,20679606,7927066327
Junix17,25036022,1518480814
Quaker63,29067970,5892389797
Leonid1el,40135089,1235225813
7231284509,19559929,7231284509
„Åä„Åä„ÇÑ,2028070,line:Ud5243e1bbc70c49d4a1c97364513a07a
arkaraditya15,6668394,7363121726
Johnny_Depp1992,19585781,136343597
PandaVeg,44495237,853726164
Larik000,24571011,110435550
ilyuxa,16494611,line:U5b9b4831b4379650a1b23b78ce63e428
ale55io,40658753,106333361
Greenfrog7777,23901335,1187006917
Deniko379,4728764,1565301501
Potymko,35521136,721651240
kralgeofficial,117250,1020392071
ibon99,14774740,1019260569
SeanCasey,15274244,458567363
thyronlevi,4420820,7415210768
vicdev80,2601854,874405516
TonyNikl,30515307,6426662837
wokonnt,1849430,7876339571
SleepingFlo,26772949,5983007427
rii098,7709812,5115547345
heycjo,1378150,7608468341
ponk3502,39066509,7455152476
quanakj,719650,7562983865
el mejor,1374550,line:Ud0de591810bcbc5ec26ea79fe391706c
POKER_FACE_85,25963982,7349091460
zoomtt1987,3642400,810264175
Sergey_dr,36346708,1143354705
AdaPatt1i,11655500,5076101862
kristin_live,35799875,5822609636
„ÅÇ„Çì„Åß„ÅÑ„Éº,534150,line:U04a289e9cdd1a71689e75fda4739fba7
7152596211,8855817,7152596211
Filgogo,23526550,6910048615
Muhraj1,22954296,270318611
Godamn9,38631266,6781456497
Amiksor,35747439,689232279
8101021411,1128150,8101021411
nkd10,24394089,384175819
olegkrichenkov,5298446,924802311
Leo_Aveni,15408782,922244633
Antonmusica,8061008,335441430
Little Lonely Alien,1550540,line:U4f6d18dd306ff05af32c09c864aa2f19
Alexbrosko,13504915,114969149
7551795478,1222150,7551795478
LightMario,3529484,5501915279
Crcrcrrrc,38559480,398165836
siniy124,13643271,542849945
BLACKDRAGONtg,5080373,5280903192
yukosato1426,1472150,line:U5f37e198c0c9c6adcc2c8e826c67b310
521070581,44488474,521070581
notkass,19267806,304264566
Resident747,44249562,812325627
iterasha1,34802553,629386320
kunai123,38177282,2059831998
mdamods,9340263,621450103
alex_pump_it,30355804,7225324908
rog11235,33539940,166699865
iPara,3358878,line:Udadabeba3e91c2c76c52af3a0953600f
yahboiji,1513580,5361039106
kolatzy,24292052,1180182691
kenash,30714349,1911395018
nsk1707,58608547,468545322
ÊôØÂ±±‰øÆ‰ªã,1804440,line:U0b00dfdc861de39176ab75f0fe39d3df
raindog_kitetu,20828900,6934690895
izallouh,18361263,736180658
Gofard,53409356,239905608
mistermfm,32891859,5486310232
kan,327060,line:Ud697b96173aaf1eeb1f7f852f87ea737
MuxoH_84,19929977,1171953225
elizaveta_n_b,3674283,5277263363
AigaIscenko,56778635,1712114382
Kristi_summer,27537819,1466020089
akatsuki0423,18902538,5294739621
DrAksenov,22581895,188563952
ronronero,743500,5309196561
luffy317S,26370751,6333934381
ËèäÊ±†ÂØõ‰πã,77650,line:U58dce2333f2547e2174c2769e4ae643d
AleksDrago,28838561,416526493
Aridan_7,31910950,5315938649
MATSUOMI,5424650,1732411214
Meloystv,7405962,7165987414
capracarpet_vip,30719351,6298491969
Zilongae,6876573,7253273854
qwertyyyyy1234,8971383,5303912830
Xinra17,6983615,8178121157
OneBlackCat,31723965,1614119553
the_v_h_s,21905933,5645698523
ujenetsilll,43872441,7933369303
LiraJong,34229619,7264764086
thestupidrams,10624051,6877314004
fb8GVIlEcvcONvjc,232600,487914982
Xjdjdjdjjdj,7852468,7221952160
Spider-Man,2858305,line:U7e5d061c9ebf28480de05c61fffbc623
5540970666,21221829,5540970666
Chura378,6717436,7813263987
NyIaVot,29073403,1960227392
Chifutamo,14842681,1424907823
YuzongUei,6902773,7535448479
Koljangram,32034762,458832463
Erisinka,10669776,8176928815
Overlordss,31483488,569649470
7625652440,5010710,7625652440
fostmv,63331174,896131367
Tundecrypto,21951520,6221491790
akakura3,32247804,5272272669
vitaliyrtrk,34356324,520639515
„Éû„ÉÅ,2568754,line:U4fc7596b5c09e3324b567741dbe3dc9a
matovskikh,22801682,677251938
motezh,15890498,376889309
AndreyMangled,41444588,400025286
Partyzan123,24704073,87429490
68529263,26012758,68529263
VN7_7_7,23872361,1386677381
vanichart,2295590,452390659
borodad,24119907,624283160
sakku,1798860,line:U5b21bbf4c92176ffa5b77e96cf609534
Nikita_Olegovich,22682477,442756763
nisijang,1316450,8004528793
CrazzyWizzard,7272540,96296
samgalka,15776451,7056923008
Karlin84,4858879,6069694427
rebus43,15737092,6754106782
valeriy777str,19434591,7869436979
Huylt_0,22592738,5648409941
laxus3092,40019842,1873015174
„ÇÅ„Åù,245050,line:U0d33bba21be9d49fa96954be86f29c9f
OrangeVol86,27676871,5398352096
6376759845,21861826,6376759845
dr_bumphead,8790933,7571416821
Zoroamir,29872371,7488124753
tumenuun,961350,7745928075
Andersonpf07,66650,625020850
Penwhoyouare,302460,7483556142
archy_like,38759541,486517467
Shiroppy,64000,2128566451
DepartedMe,5171000,388912240
Onixkhv,30920887,746228154
Mainline_eth,141570,6207385047
Arabul07,214590,6647662513
jaybret,90500,7183465457
joshuawbn11,760920,5754333551
ant_kvl,27781625,567050417
Albehmae,24111557,7488316772
zhenyatevo,21609192,1056950131
greennoni0n,16616373,5418518677
NVnight,47834878,519938217
Hopee0408,682500,5585457747
N00B_1974,8387920,1551169380
Gisakhan,30804422,6721792583
7984896899,34114641,7984896899
alexmvp,305840,1051759252
Babasiuof,23401162,7333826585
alecs1,36269167,802503772
7701447392,831680,7701447392
Diavolikiy,1493400,5535957150
7922605116,1130650,7922605116
SergeyKislovka,22185715,787919002
evgen13131313,8590675,1103149212
h3zoro,29464757,7315437290
wakasatown,1906500,6743815386
6616398468,1783350,6616398468
ksuudance,32468177,7005595909
„Å´„Å£„Åó„Éº,236010,line:U419a4b616b33e9864a59dad29acd9696
cryptot3d,16499414,5105119071
M_40chela,5273092,22015872
BettyMoTu,23989969,5054703398
Sabotage_zx,21518000,273660730
PavelSm17,23297597,6096911874
Antoniowfa,12672547,1124057555
Evgeniaven77,30876020,828307911
Mikhail_Sergeyevich,14438661,1213530451
OdysseysShake,11901654,388689675
iddeso,19801813,5483439502
TK43j2c6sZ,45065921,5302704331
damkus,6978034,6282020409
RekrekStaana,27097318,5087347395
AlegBruh,16384197,878087332
Urzeke,140830,6158215479
Encoridge,27752752,197240679
6798068197,4822680,6798068197
7497801333,9078800,7497801333
„Åø„Å§„ÅÑ„Åü„Åã„ÇÜ„Åç,277650,line:U35c15c41d91d9421ad7f80fe4cb41d03
Denverus7,32441856,7354578809
7817763189,17805549,7817763189
Angeline,251450,line:Uaa86a32e817eb0b8c6f1bfb209c79d06
Ponk,15106987,line:U96b7175a59f1884e2f47ed8bc566eab8
7206141984,17470146,7206141984
RB116,30963892,407926679
bsaajanabsbs,1787130,7672254497
choypayatot,33548863,1857394009
marindone,2565150,7727519755
onlinemoney1,37735936,284063081
Ludzakura,15580503,line:Ub5b808b49b010140f76a4836d1cdee2e
Nakhbin,5644371,1405433422
Giniphg,41575972,7219031801
alekseyjke,38859921,470385772
Ar999an,21614137,628990508
yegrium,27460941,6271281178
MrMeliafaro,2991969,244954118
kanna,1474460,line:Uda772573bc2145e9c5f73650a6fdb9b9
Kingz671,6680995,8090431432
yalomask,19663577,846523374
k9k646,19308860,5220224834
ÔæèÔæìÔæô,746650,line:U9a0d9f866ba8cf5acf44e26662055454
Irina,21860987,line:Ua13635233be50e6880a718969b735733
will_be_added,32782367,781800640
h4dezgaming,3467418,6952017186
Alexandr_103,43569536,810595054
SIU0F,20079113,7491070913
ÂªñÂÖÅÂØÖ,559650,line:U8b7dc5a1aa10caa6272feaa0d4925060
sinigammm,1722580,7953015697
samogon67,14291970,430185413
h0tah,53058991,231613717
michallenge,30191776,634273802
ubikon,6463266,line:U1d6d4c2a783e6ab36b30e8e2a799393f
Mikhailmira1145,6479376,1722631291
„ÅÜ„Å°„Å®„ÇÇ,8349442,line:U83b2e15b55ff306851f9af01b6a6b699
Stefan_g11,13811365,2048673886
Salvador05,34985485,7219388123
Chanix10,19405911,1021885012
PunkToFunk,27188657,647297901
ad_targ3t,27397748,684841725
cwbandreluiz,91170,1743056781
vosto4nuibriz,6166180,751595531
YuretsYuR,21244396,1820544672
Valdomero14,586620,6429699876
Ê∏°ÈÇäÁøîÂ§™,332960,line:U7b9e4d7a45756668d5b2b1ec6f468e36
Skrillvip,23018303,742264856
Mohammadsabzijahromi,37784226,216626934
Kingjoab,13751266,2135000748
„ÇÜ„Åç„Å°„Çá,2298040,line:U773561f7f26991d9edfb6b5a49519af8
MikhailDibrivny,5439742,96638113
6110348434,29659826,6110348434
gon10678,7400489,8171166866
Leonid557,21250450,1481688099
Masahiko,4363393,line:Uc90202784eaa1de323fdbb39d834cacd
„ÅØ„Çã,5278257,line:U0d43fe72d9a9fd42a66eed2b1706848f
kepcozzang1,24040704,1194753781
nonicknm,31275417,308631768
7622298574,21474526,7622298574
NiPS19,24808479,1710565673
Liss136,49802911,876593218
3„Åî„Å£„Å®,1116150,line:U570d306ee91dfd4d5d9b76d5ec2a9da9
Alexeyy_dem,23084966,348869324
Skif3110,36462618,6428312504
SERELDA,10953210,6280182281
mutabro,21312632,598505095
kyr57,16746154,431535119
DennnnyN,15342578,2018958003
Dogs0070000,25898209,7141667428
Crazyy_88,6859356,5730458783
Greglok,14435483,6726152820
7440137270,24765186,7440137270
polzovatelbbbb,10041010,6784986419
Temlis0l,9431862,1567294389
Tati_noda,29425873,223164353
darianohka,32893866,1882954913
N.H,579150,line:U3567db9976fd37eaa62cfd2e1ac84424
welnnott,834010,8050595721
muklisss11,2153150,8110249576
Dmitrii_Dyldin,18639178,1184341156
minyakny,1883100,8395125611
vitr78,8350669,702714386
Ibin,2717998,line:Ua53ccdfc5c5908664d02bae0e3aeac4b
xelamor,509950,281535834
keitakob,21143010,1879396223
822427961,5172547,822427961
A_O_A_07,33051245,1829612750
7565923353,13940664,7565923353
Ivaivan0,29803877,7004917176
Serz1988,24288275,5201236225
mgndoc,3367564,578044015
7918599962,374330,7918599962
capjoe38,24233611,505285016
„Åæ„ÅÑ„Åã„Çè,1558410,line:Ud317544cb9665bc7721666a86c76a7c2
ZhNiNa,34979627,1341445626
jay,668110,line:Uf4afdba32e5ae0e619432945c9779c35
Nehlehporfarhadi,28020615,6987670312
AethersTele,7019487,1538931570
heymilkaaa,1445150,8101648136
Tema15ameT,12492494,7500783372
Jurgazh,4696344,7507701662
Lacremeowsa,3815274,5470811093
reamfer,36611413,1015154256
Taniortv,6374807,6569525116
7888918010,1601290,7888918010
HaDoan1985,8580163,1883068139
gabminhchau,9623945,5248950411
dastxrd,2724794,1761505662
6171169213,320120,6171169213
8175556003,303390,8175556003
woonaanu,2097150,7867190843
Vasilius12,44017146,1291748608
olgaMarcen,48054765,5955806669
d1arab,20265060,374646391
nkarmazova,34070604,330740690
snow_illustration,34157881,6844594341
fuhzannu,2116150,8233672492
Phoenix_f1re,32073986,890094493
Aleksey_Arta,21494847,363531306
VladStankevich,22300131,741465103
logologo91,1706380,7458349978
Petro_metro,5666150,7482248395
ronaldrei3030,33688127,6407555829
brokechanski,16017652,1094264431
1288660628,28432290,1288660628
krikitalmas,51223534,1754966012
Es,445670,line:Uad50d9bd36448826ca8cb7720483ca2f
Msdao123,580460,6024326624
LilyJustAFlower,47286787,253668293
7957438831,41083922,7957438831
Rayzen61,6646104,8063403568
voxyear,3778500,5169559031
LeoBroncos,38180121,579515680
killtheplanet,14863620,683611750
MarksonL33t,50354145,819325194
VitosVo,57484733,1838223811
chikaqyu,37629268,2129922780
Aaxxeel,27024345,660069237
viktory1988,13338001,5195234758
Panker85,21142527,5449774030
ZnNelly,5222607,7107588325
Michael_Unknown,12039760,343029311
Kazuki Oshima,1786417,line:U0da4c1df7d120db28700b39b004f1104
mnb550,27435418,319926394
JPlotitsyna,16994650,547636436
EvGeN5587,9605284,1285133007
magnojezer,34058278,7740872150
alextigerv,43692145,5416107807
Bake3112,22120280,5074128855
gora123321,38995419,565653479
wasimrizko,27066010,5217772339
Kostyayarmol,25618101,1045710945
Rikirikardo2009,19542638,1118953056
SergeyKob,5305314,1098398947
alialtintop,10008850,1376914097
Umarbek9119,37228810,548509032
gridayulya,34821158,641684700
PavelSuv,37314333,1127537422
Fenix136,17781790,7136300091
„ÅØ„Çâ„Å†,3154169,line:U226f3520c665c2e7bf14985cba725a4e
7429397163,1294486,7429397163
pidzhakov7,33986781,5050024706
meet_myself,19750184,373385727
helloavax,9304518,961111923
djeansu,16597999,7534110371
873541594,16826170,873541594
Mark,2332100,line:Ue792766f9f006ed3973d9e73d579855c
P_Evstyunin,9843743,633530236
BezFona,33377514,394036065
OneDesire,12324095,1289282341
danhggte,1071540,8026696713
TarasovArtur,26562986,371042856
Yaw0_0,1662900,7750723280
ZilongYuq,6833714,8108361960
Paphchenkoff,12860378,5593289121
776937055,35014322,776937055
samaraoh,2201670,6800547719
fishchukkonstanti,40177512,1807087416
6975353066,25706566,6975353066
demy_btc,29183257,5305424270
Du Ft,2273431,line:Uedf0787c691219ce940e6ff0a5af1148
7757579139,1498650,7757579139
Ph·ª•ng ,915730,line:U582d1e53a30aa0d9a9eeddb1671c43cc
Lapin7774,34253034,355371571
8143532564,14461852,8143532564
Torvald619,11563308,1733099513
Anne156,13308872,7086375196
Worden_Aleksandr,28867026,741113595
IXABPyHl,42750755,1057946482
gastondefi,19702325,1628981727
ÈáéÊùë ÈõÖ‰øä,4237070,line:U0e32d7f4a3f0ce31d74213633aa5a2d7
sucrs3,683190,7183114516
yarohicho,40113507,1911387338
Spitfirest,28999287,1112068682
jillian_19,9824819,5786601600
putinhuylo_v_gaage,14389349,428981479
Syzygy28,19961669,1413946759
TheLordConstantine,18732805,127429318
minhxm,241620,1625181072
CryptoReaper69,10731753,1614076773
heru0910,694540,6899679075
novkaterina11,40900814,447201142
dinamitdao,5388911,6241700657
Liarhmwt1,4236934,8136698412
Ncum36,7006681,7940927337
mrlife686,324420,251923174
takataka4121,17693017,933089790
artem_onmi,3539580,6705793032
W_T_Fedor,34642016,53648993
DotterAfro,7458024,1386942734
gameten,10315920,1187604414
Zaa1900,6993399,1395815073
doktor_lektor1,23793346,5401258355
h2zoro,29168509,7524748979
jerico,3376700,line:U774ed25b4245b24474ac76e0f15fc25c
L33Marvin,24002333,5887176212
SanyaLA0630,11047693,2074046420
Artur_Bender5332,1054677,1726313563
kartuz1004,29174696,7914463717
dazlyx,8277293,5770258886
saveliy595,44935537,6116664663
Luxxy67,6892772,8131265277
malmon213,4004720,2020422457
Mixanik0704,31531088,6611940895
RomaPQ17,16231987,1115878697
Nikonov_A_V,7000397,311581099
antoha_133,28496698,1050361109
GeraldS856,24436045,5092100277
kaito,1326870,line:Uf700e68e6712ae303a63928456226f9e
MarinoBasaka,225650,6153622745
Jurez27,13662683,5761303769
radamant01,23706577,429057856
Oleglom11,4733254,456894336
bFRuaW,13572700,6441887311
Beregovoy9187,11118727,1325797334
kanzian,1443010,8091407315
Savdeev75,6573963,709511256
Surprise9011,30988799,1274270464
Dak_ak,19732116,7951795160
1074249391,6844726,1074249391
WaterMirror,16816160,line:U5a9f18f2d7c71d12db776f30a7e598f9
krazw69,18565480,6440162359
7776372591,1372150,7776372591
7783971090,5857554,7783971090
AlekseiTimoschuk,7468735,884534574
FennecusFL,22316774,816970547
7782534953,1398650,7782534953
kengogogo,10034491,507839679
7621971050,20806298,7621971050
Juikvk,18666513,7784606351
vmg9999,23348861,5134879165
daangL33T,11912171,1820737650
kikihidden,11503929,6263378418
champion5252,91650,7959518471
BUDDA74,6200070,5909816657
fismoluni,16540373,251004942
GLORIA1164,11272566,328310855
RoVol_UR,19149127,428668317
darlay,10273310,570813183
tan_aleks,15723188,6644855185
NFT Collector,374460,line:U5c4b89842556369c5f6a466ee1ee6d65
ttazzikk,17369957,369064921
„Å§„Çã„Åø„Åü„Å≥,187910,line:Ue44ba3c3ad5035c1e01a4aced06b3ea8
Igor_Bondarev,29806129,373056971
Alessio 2.0,21165271,line:U2db0eea93f03ca1d266feb8f03421673
ivanykovych02,3879420,1148642184
Dandi700,1656070,7898250237
abrakadabradebil,1268530,7551654719
Mustafaalbulushi,2614924,5530461419
Y2-design,1410530,line:Ue5cffa570698b2a44694a4e69e1f751c
Shimiz,2371030,line:U303465d1f3253e2ae6656d2d4c7e6053
dlsllgs,1876690,1408411748
Sunli8,32113370,5683311610
„Å∞„Å∞,5893075,line:Ufd1ac65e9bf5aaa6e50506440349dc3b
Arling49,27440128,727665827
keisuke1987,19701460,65671538
haeanzj,1432150,8456298189
Á•ûËó§ Â§ßËºî,860930,line:Ud5519d3b2bd0828d25417c39bfdba97b
5996583044,9005633,5996583044
Cihuy561,6957120,8122758017
dulinec,18889602,6310875478
egoiste_M13,10526288,193547350
pseehoon,24253024,5434823436
Nem0ss,19436592,770871852
Jonii42cm,38305663,7271712322
DimaGanja,22266632,5185878316
oZoransky,11627467,353688937
Artem,1809650,line:U2bd039ec5777c3495940fbe839d71262
Eidolon2244,37990548,490031968
862254166,542300,862254166
Sergbarey,48254521,1329819814
lusinda2307,22243169,1044896406
ilyuxa,30920007,46681647
veron_astr,2106930,6209221010
flameford,53606003,510821661
Ronin_Zzz,12820700,1156945358
nuzmanqt,1317150,8192068232
Segos276,14935649,1983194952
Shtorm13777,10516469,5247087710
razzpixels,65650,6689182620
vedmir,27903135,315509959
olga_crypto_space,8608018,7074802686
Nikolay_Veretennikov,15686589,308421316
6453587748,1384450,6453587748
Opaw111,1391660,8007243462
gizmo_vasto,16595440,5678820266
Mario1988z,3852656,5333025340
Kubudak89,7804895,1303436578
Superstupidboy,9520368,7517575512
1140656230,18750999,1140656230
Vlad2802,20514123,47047315
Blact67,7003197,8068831401
8160775316,16478270,8160775316
Rubyy662,6992749,7565845223
Â§ß‰∫ï,1824438,line:U5eaa66954eb9cea56ae6b7615e317f04
alex61354024,24954619,5658187060
7851899909,1569200,7851899909
shecallmedante,4902754,534698483
ffniks,3956730,1008229804
jiagojo,1447744,7192103768
Bubu,2364187,line:U6ff71915c3d12f7ec11f56658619d5c2
yuzuyuzu114992,3309427,5190913784
rezkyintan9596,16413969,1124355940
Zuxin378,7022333,8073786421
7312900735,2940779,7312900735
lilly_lena,37643603,457365559
6069402149,19816870,6069402149
8087257421,13195278,8087257421
SKserge,20305206,1442295192
5718416241,47666964,5718416241
Oppenheimer1972,38082883,501164365
marco503sv,2323940,6796837228
daxdaxy,30510624,1229692545
TimewarriorR,26447830,5029594370
XABPyH,37287862,5142914287
Goodbye_Youth,25048190,570308645
drgreen25,15127852,1035636533
7671997303,1425250,7671997303
snatali_5_7,26459969,5707107257
shinchills,25063264,5141545225
LeonenkoIlya,16796665,422666402
kareslav,44785722,283373592
yurirobel,108950,1287742811
6227289254,1317150,6227289254
xHardBeastYGG,3754563,7414719808
vilyjemz,25734059,6010532984
7051055759,209540,7051055759
treun56,14270874,6949088266
Salim1984,626790,1886492353
Leoniqq,37191038,6347380215
Roller2007,18478624,1836025634
fajrria,2220910,8138782736
chikaqyu,16540584,line:Ucc36344578bfa9eea68dd614729276cf
1586104071,12192167,1586104071
Arktic85,19079470,657469831
ghdtka13879,10010459,2139077754
alifka87,34311868,1024613699
Buttehnikaa,22376404,6675115293
Mixafgh232,30638068,5081546241
Chung838,13053623,7141742361
8099351927,19851828,8099351927
raskenovs,23186432,5030153158
chlxbrg,27918419,362746377
giorgiwanderer,31508974,661541015
sidnei_safs,5187703,5276473841
AndreyKar,12457006,408268536
felicedm,286010,504650617
Ourgalaxy0907,17259000,476283381
phongvuusdt,1068190,7953727575
cryptodze,29863302,1320384195
1544756804,50624312,1544756804
PieroElSolo,16456368,1724215461
„Åã„Åö„Åç,7936728,line:U3355b2e9cb04924beefb3095b27d0bd1
fourrhipov,44217723,197899394
chamuchamu,23263426,5730025709
Nikipka,27835280,1596133844
seannelsonnhb,15635168,7083376036
„Éã„ÉÉ„Çø,822460,line:Ua71ee4a2501a4be415ae8da3a6fd9ba0
JHStudiovisual,7126346,1607486082
6388230137,51407727,6388230137
Tiraeli,39263286,5751743236
Knparty,31756547,7312960078
dave944,17945134,497810505
fatinnn197,1429650,7827478057
8164905344,1542650,8164905344
nt_kvl,39132679,268027060
zumbbb,1310040,8199491268
MayYoun9DW,24316955,5037555439
soskna,1679150,8134061297
KIG6060,16188822,517400935
foxhero1,1707650,7749543316
Dsverba,36184212,994336086
magvaer,8357689,99159510
Bekbol01,3660590,line:Uac94df4916048035d23818eca22e3fad
8127443514,665650,8127443514
CamHui,4448760,6209876296
GriseldaWiggin3,24677909,5043328748
Vladimir_crypta,35879361,6234324905
5114560326,9836137,5114560326
redexed,32026633,405670923
gintaern,1854700,8214208705
Savelyev_I,12902597,163239610
Jwnguyen,14346900,6215970316
„Åë„Çì,6477693,line:U8d7718b151d1c4b931db82dbbda1f5bd
8146163487,5063679,8146163487
Skadie_Leo,38583702,923812007
blokirrrry,1173320,8092643974
baltikaNEON,12344391,472448430
1814968751,658860,1814968751
MorganG9ety,24466838,5041900572
gusobnim,29666672,1472237454
leynn2024,3215422,5718943906
weizob,15396225,7183935425
7980192923,24402233,7980192923
olchlx,18641487,6288891452
leketno,1154650,7715172968
bantoncoin,25298697,6722715650
7002560227,17333065,7002560227
lebih,299970,line:Uebe390a0e1863da5e1901ef2401878a3
dipalisinghh,42266216,6815887681
Boris_TheRazer,24068344,412154109
1786306933,214790,1786306933
7468714637,14471811,7468714637
GWprp,43395155,174430893
Alexey_Ribalchenko_007,24022370,6743706566
valeriibrd,15413806,228575061
UpViewMarketing,23826832,730151615
Á¶èÂ±Ö„ÄÄÂì≤,4898430,line:U9dce09dd2b976a30cc7ef43a17626fdf
incowisky,10310050,line:Udd9e8bb28d53fdb8b8e1138ab404ac9e
YYEELLL,9508383,1959477599
Â§ßËºî,10832356,line:U38ae97140f7e7204c8d708be75c9a94a
Drop_Sunny,28620403,6374296261
Tohadrums,19928046,788785364
7286830684,961430,7286830684
domasniy,18789257,428516174
kseniya_parfeniuk,8843625,547991743
Lumia_scam,19263004,6994622730
sparkledao,19228242,6653657312
Hftiid,16338151,7137111548
sparkle_DAO,19241592,6631792962
ÁÜäË∞∑„ÄÄÊôãÂÖµ,2330150,line:U654b5022df33fccf4c0e4d571356f854
Chorollo273,6775962,7642048405
RapRapper,20975497,1299770208
7776446134,9147934,7776446134
tgram_market,29888011,6687579264
Securablen,13542529,6716653788
lufiot,1298210,6806532207
RogozinE,18052044,7454912292
gray_card,11180564,7061775079
BBC1389,25278852,842229606
BrianaS2441,24279851,5073657217
Didi,384640,line:U2ca729c17e53e9f4963ea5503916b88c
levite2509,24740139,585323093
Ilyas28,19089662,384147075
Thanos378,6989641,7530595980
Liza_Podavan,14060570,7905402865
Yonitop,24147893,5186845785
genjek1219,346070,line:Ub708e25e7916930e011c2584416a9202
6235704440,12345004,6235704440
7868316935,1514150,7868316935
oktvnazy,4289590,7926857479
MOA123777,22936169,6508151935
TaGalKaung,1284834,1816562340
thanhnhas97,2038630,7727908832
alex1198,9333005,182596
Maksnuts,22405043,1135810124
2093798465,65338094,2093798465
7560076504,1426650,7560076504
mariyaogi,41651024,821631231
Ilkhom86,5614871,423525506
zyferdd,17846950,1615196993
1254199134,3733357,1254199134
8160637644,1426650,8160637644
goblokyou,18363815,6056942940
n_i_n_a_o,17654047,793283539
MrBigPand,18780668,1319359943
minhairov,15157551,620390049
7074683363,405940,7074683363
8114443469,1398150,8114443469
jekanzzfr,870150,8321082323
Vladislav_43,23756847,308120399
7378360004,3743819,7378360004
Joyce,2840139,line:U28ef86c0cfc37edcb3e84c1931a3c614
7108194839,2865130,7108194839
ijordan24,56454311,1170300853
Limistea,37368604,6930583808
Zheka35,3548287,291297200
Maks_G7,29440365,1816011478
Tulibad,28380306,414435554
vitaliy311017,33253618,6777729604
8103104841,1872630,8103104841
Soln_shka89,18437577,964136356
Tiksa278,6671600,7578200928
√†lart,7912187,line:Ucbf9e8f9a9f2e0ba432d3eafad192bed
gridz21,12262562,385105124
Aziat_Dikiy,21873845,1126565403
santa4464,1878430,7004687072
7689525119,13063706,7689525119
Saidjon8585,7852079,1646937228
pavloandriyanov,245770,439609515
ollec06,34284068,5734339216
Love_Ghee_Ua,6446379,7940467119
1124376273,6139757,1124376273
„Åø„ÇÑ„Åñ„ÇèHM,2169970,line:U0720625828bbe80671e59e101aae58fb
avaskk,5633461,1320896653
Cicatrix_2040,6324710,6952206059
Hamstik,3567458,line:U4676ae53f11ae24639e230315df93763
mithraize_chicken,6245700,7458949863
Ptero77,2005750,233627833
Samurai Jack,13694396,line:Uacbd0756f57d91454f95e5aa6e843525
Recruit67,28203362,854903307
Aiga,32214640,line:U5d9f5f6c58ab4b9b2e190fe26ec7cc68
F_E_S_S_1,26199684,6790941148
grishabaratrum,31484291,1034605075
AnnGae4ka,53186818,542846406
Carlos ,110140,line:U5c7fa3c0378866d55c5fbc1eee1693c6
crazik73,36319971,1532308789
arararararararararagi,4554791,388620110
T3ngen,1028276,6374369736
PROCLESSS,23535758,824228851
dimatag,32659227,117674425
dave_crn,5036080,7009448994
F3AR234,10623858,697724412
Vvfccvcff,8228099,7302265767
AlexanderHamilton07061992,114610,7329334237
murakami,5737605,line:U90494f8dfefa61e8f03865079a4c6bc7
arie,1220650,line:U78982d0129b7a07b5b1eb0e558f0a529
Kamallas,1628200,700385330
LewanowP,17595687,1036009578
panisheer,10399936,595108249
7362764993,36859873,7362764993
Mpo135,21160626,723750801
heavymetalinmybrain,38265009,393564236
„Å¥„Å°,5014465,line:U5a2a57159ba68342dfb9d761930fe9a3
5845884888,10482317,5845884888
nata3949,21649328,line:U56244ba214d07decafbfe9e7426a6f23
SS095,14637578,456200245
emmendoza,35956691,441438828
Kirill_Elistratow,2615540,384017638
GermaniaADA,10236146,6016055348
mirooleynik,19044754,1679471128
7169306135,11337435,7169306135
Trinitybum,8381313,7680090150
yseki,2555750,line:U8ad2b9ebdbe583ca29b8fc17d90a2229
AttachmentMan,14590357,448231327
Vechesvet,28318945,326682087
Jeff_nart,67637238,7050913884
AlbertSantos18121992,60220,7915690604
Â±±Âµú ËâØÂ§™,10456904,line:U132448138f5f3a39187295adbdbbdfd2
SVD,16040321,line:U4f7f2fed614c3f65f5b101e33b4961f8
Kko_kalter,37531917,430119360
Akane Mori,19434387,line:U3414071165a95253b4a6e71e1bae611c
stillness ,4716975,line:U8cea587df8a6f7fa9c74cee3406d23e0
trideniz,15188760,7049624393
Hooks63,27812395,6175911742
AlloySatsonacci,18742887,7144356261
Kip,118380,line:U78155c1703c2abaae5ce82505047ec1b
‰ΩêËó§„ÄÄÁ∑è‰∏Ä,7431052,line:Ucb21acd1869bac899af641104eefec7d
TC,6116468,line:U3050489c20dc88481e4307e5943c7551
Gobs689,6690955,8195924447
Alex_Zarakovskiy,9028658,859627010
babyrz5,5737915,7091105258
Serginio777,12570702,505679114
Kucherrrro,24623522,1102833966
Friedrich Phan ,10159265,line:Ue9062e3902338afc0b0eb3f1d03fdd6b
Tryarty,35885767,706381844
dfilipenko2005,15324523,753679733
yanahrybava,47733991,1667587222
steel_man568,36797333,7996431060
Teror2,25573474,412359064
brainqdead,22535711,372055503
Artem000_07,2675930,6367466725
phayu94,26168579,1122604751
yk,2766727,line:U32bd95d3afcf2be40bfe25b00a38e06f
bakhteevrr,31597611,1039978897
max777str,23887479,7371089637
NindiraOx,4315618,8010758859
Merilyn46e,24365507,5089056155
Toh,370310,line:U673964a88e9d26034bc2527261427b3e
6353746920,34716189,6353746920
Amirh0,30207726,92723840
Corvus,22567601,line:Ubc35a5c95cc0044411696cb5d38cf030
yanzizd,1273850,8487597629
K,2842740,line:U6e67a74725a5d5ee75f77f046b2f0357
yuri_1203,21912139,5244044785
„É§„Éû„Ç¶„ÉÅ,11146522,line:U5baa392a70fccbc6dd820c4a1f3bf76d
metros,11649738,line:U006206fc34c0ec907f5ecd273272cbc5
bambastic94,21160611,556771492
Reik,88400,line:Uc1445bb25a16eebe398904559ba19915
rudy_sv,32455419,5534354979
hukanzi,1241690,8156990632
Ixyxtocyhxo,13060824,1328868526
ValeraPan,3936828,673613521
a_live_woman,21356334,696025427
7870839907,1140650,7870839907
Vitalii_Chaika20,39855973,1687902547
Pocokongz,19771177,827319341
Nao,3909990,line:U2c4c6b25c02c85aefa34641917778a7e
Masaki Tanaka,2385850,line:Ub57e6b29428996ef967967236d2c4380
Ash,118570,line:U2880718d07c261c920085e6fb468b8da
dani,1325290,line:Uf0aba9873b7870760bd153af1b3f0f9c
donaaaal,1184650,8050921308
„Éè„ÇÆ„Éç„Ç∫„Éü,6750501,line:U1e2a50b75e82b0477c9a4a4cbdc34001
oXXXpa1927,10918231,272160864
‚ô®„Åë„ÅÑ„Åü,929150,line:U975c684384f7e938d027147b0b74050f
Tulalam,36241776,808164181
Manuel Antonio ,947650,line:U55b132522a4698bcbd52209abcc267b7
kamzisns,1279690,8456526791
Kenn992,6693161,7021068033
Vitaly,16593647,line:U4e5366fa920d9a1d87ec16385ca0556b
Ttuyet1994,4246690,7286467942
rania0709,16381851,6587515336
DjabaEmha,34443638,45123447
Tsvetkov1327,8058585,310417517
maslena92,25077665,109588940
CollinHse,24637671,5099855892
snow_hello,34304397,7396023964
nazarbazhaluk,30259930,582821744
krPH2,91270,line:U9829598341de2bd3323bcdff89015450
kolyazai,69702,8407071103
Makspetruk,29394472,6611686260
Soborna9,17202411,6593363320
Ê≤ê‰øÆ,72650,line:Ub260864aa7da5dc5c954832ef46dbd5a
Thiagovl89,232900,5547499583
rada_ira_rada,34208699,659522951
winzssy,1280150,8229549994
mnokkkt,1161850,7822869696
kenaizni,1276150,8341397874
2019660158,1203434,2019660158
vaughnivan,19587777,5019516605
Solar,2915826,line:Ub00365d475e960c0626f879982fc1576
Reza,6874635,line:U089693807405b9d7528c66ce8788376f
–ú–∏—Ö–∞–∏–ª,2959810,line:Uc760a62bc311f2d658a7c218f67e6591
Ninogaganidze,1539950,1956249887
7879595104,18061065,7879595104
alx_brg,26510830,6403838608
Saeed,100270,line:U17b1bb28b448d68f4a3f3de7401d766e
MorenoYwi,6865865,7908135877
Rullyy98,5184041,5682254346
Vladimir1_8,33359381,1675383845
djeansu,7583209,line:U81d3bef9052b2f5439126bcc74e8035e
YSYS124,11756852,570094721
Flow,716070,line:U46d1c6602d636e8dc01b4101f770c3a7
VladimirrrSG,13539572,576729743
anton3004,27487467,444114503
getgem_scout,37630175,453173351
nainzii,1275460,7576090730
7525779143,1147150,7525779143
dzhey,13958614,7113946516
RYO,1144290,line:U1742b46897d8733987448d9255982c03
bronk43,16262733,7003498824
Columbinbs,8411338,7935702405
7775813875,1690790,7775813875
pitheorema,23495006,218780845
M9TOCHKA,10887274,274884801
dvarbanets,12139442,885622962
yadirabtc,4409554,7870911654
zubeyr_muslim,3866655,1203796843
Umar9119,32227175,6772107164
unhai,1294150,8241546162
Andy_Dogami,57150,2087245595
vy1thu,627150,8102726826
hianzee,1271230,8445116029
anhvinhhamchoi,449150,7924686050
7360506647,15798297,7360506647
OGIN,6683910,line:U1e2d0bd16df37890da26b04f468292f4
ÂùÇ‰∏ã‰øäÊ¨°,709150,line:U9267db86aa758458c33f0134d3d5a576
Ferari047,6938291,7740314629
7858731340,1047830,7858731340
ZitaandGi,151150,2133121268
Cheehaiya,10266587,1118355483
charouny,20663379,484185513
desiyandri,4520536,7268229478
konpedalniii,31491690,1250631098
Kunca637,6564535,7608032848
KylianVR,2809150,7376827324
sjjksjs,6810213,line:Uae52e3c7b941723de38c4942c43f6edf
Tenxi377,6592423,7805091959
sashaYatsyk,11359199,133334822
mainsoaaaj,1292150,8342841404
francois,116390,line:Uc0cdfe6e611bda964e2ddf7825a31b93
Andrey_199507,32799820,1695255828
Yoshi,5859492,line:Uc3d1efa2e6cbfa87b8845af6050697a1
MarynaLes,2394067,694231039
7588382538,859930,7588382538
Motorola_V8,28947879,7402461631
ViktOtro,5779940,1010596987
Ramil_al,21832749,1676299269
Advvi28,6529603,8191046592
Binskayl,4511667,line:U02311bdc9f8ed7a1f87e3eb16b995371
taqqoosaka,10324261,5207196849
Ronron303030,12372415,6851662071
ÿßŸÖ€åŸÜ,107040,line:Ucfe13a435f0177f270167264137c2468
KaitooHx,2465930,7392755271
Kdbsjxbshf,12060174,7203677413
ogtreeps,8550192,268385006
King_Bamboo,31844837,1727756280
Luc,406390,line:Uca9274a168ff99146525a33f34e6ffdf
Zoroami,30005342,7368160523
Martinaska,9176934,7981801984
MartissOq,6512979,7310757854
Arkajek,10156453,5896359937
jenkamz,1201150,8495811210
ttt3124,177270,1737934885
saveliy59,49550595,448715519
Telnar85,5511064,1024104848
7565666999,1050150,7565666999
Erik0405,323560,5881993170
Gigabit_ton,7973777,7899700845
Blondanizm,7628890,8114217914
Nayxil19,6622096,7550466894
chrysler777,25481372,5100373117
5378240652,1411777,5378240652
Dar_Khan92,16320343,6058882781
Cuttlefish_2037,6573430,7417314821
Fbbvb666,16362961,6392389442
Dmitry1509d,11079529,1567171865
üíôM1üíô,1164750,line:Ub8dd45a02a80e8e540d76a3547f88a8c
7977607885,1006150,7977607885
GyumeiEyu,6521390,8163025707
Jenya1101,22565105,498875185
Surprise ,15729132,line:U7a93004f8a699e77c32901adbbc2b84e
kamado281,6475445,7953388535
NirvanaDobriy,4233454,line:U887e83a6539002376f7d2295bef5b4b0
Nukubots,7649482,7649239056
Gyumi467,6566371,8215684291
crea,3816310,line:U830948911ae06410dd48b4301daa4996
Duway,68990,line:U6ee0265ed8a8e51b341ada7b069da9ec
odinL9M,12092346,2043609408
Aizen_04,2844553,547936572
Solanagirrl,373930,5319540335
PuwqjU,13198490,7033824224
juhandai,1279070,8203959489
tongread,30628381,821419354
MelyOneNik,40861174,1764264101
Sasram71,3295290,527654670
kkk,130730,line:U646f700fe89be5df031a04024b65116a
khansaii,915250,6936314510
8144683356,1058150,8144683356
Kuro2020,10870993,line:Ubbf3c2b377fd260ff7f52ba2693d31c2
kayostars,21412682,7035312577
Choy,18772424,line:Udebf8410fc1b8b109985d628efae2924
Brunobatman,29830,754603502
RomanButi,10607850,8278624644
RomanHsieh,29245910,1507644044
Kuma560,10103534,line:Ud2e8e7942506498a5d7d6971eb0bd042
ogslava_v,6159852,7063338675
KurniaaSari,2826040,7304798735
boltikova,33859510,569256146
Ry,107290,line:Ue3a9ba49b31e858f58cc61ecd868759e
fernandes15,10988276,807486836
7498710235,624150,7498710235
Dag059506,7983645,5094991042
KardanFlaers,16616284,8119160052
RegisTex,1360310,903360221
victortiz0,21088646,14677544
UA6NP,18633818,966454304
idaw02,1008840,6310352001
yuriydr79,5424615,427389334
Divizion56,34726911,250731499
MijumaruYoshi,5684599,line:U27ca1c111a6e64cf0c4a11076a17a34e
ChrolloTx,2941060,7285631091
Tavsanplyus,46504375,1439968999
1897557211,35653765,1897557211
Kgogu9,22758294,743348433
Art_Stalagnate,43719319,243009604
Xeny1,28480841,5156276198
Â∞èÂ∑ùÊï¶Âè≤,508650,line:Uc1f5cbf7b0177401d2e9970cabf4c58a
sizannnd,1000150,7625979448
saymynamenk,21052864,474460475
ojong123,6048316,6961119457
Guiaix,15296544,728286435
alextwinner,8839281,6998494039
fundakkk,1181150,8257914097
AmberStewart03101992,107740,8042393685
Takashi Kato,2786237,line:U2bb1ce23fac3ce83c57458814b89af91
Xinghi7,6589312,8396615988
jintmao,906150,7691214425
7927287610,13167861,7927287610
soldyou,17465225,1686793523
RitsuuHaa,2676070,7258385714
Greg4x,23994280,505939124
Lily0572,6572453,7824199486
Defs999,50049706,1004777670
Tariyel,446170,line:U90ff31cf3f5484b53c1d9efd07626f6a
munahes,910150,7761051752
te0d0r0,25364939,5966429631
Charlene,1346410,line:U2c51540c112ab69f15b2056f036e7dcc
wise79RF,23229386,1026223523
Queshibenshiu,311200,6396651288
zeroblockchain,24660920,230337734
zuhanxyz,1280150,8169802910
Ste070981,9039790,480650951
selfwraith,8729355,641869306
AntaressA7,2845190,7046318803
DenadaaZ,2912910,7356992564
fitrifin,697710,6388811961
ks_ss_senia,30832762,494224695
emerpuss29,14163628,5764942661
strelok2770,18067656,209271853
sucintoo,3144370,7779281409
Mitzi,66650,line:Uaa4b27ab3f506cac4fcf385ab31600cf
Danissa87,2367760,7306563482
JesterrBlackC,2907420,7068627922
LWRjTC,14825257,6761311371
sowlaa,777150,7977104919
Quang Ninh,292610,line:U49988407f84c180f1707bd5d4bedde46
parashurama1231,30272933,1863950961
vipmagnat,15011393,324604579
lobster_199,8196846,6689711602
zohhnuyy,1250650,7358654871
kafayooo,796150,8179239525
Antoxa_A,19892144,7257068887
mr_telekilogram,9604054,874149696
LeMoorr,6762407,492138039
Ê£ÆÁî∞ËÄï‰ªã,3364798,line:U0b360c0fae156a8d47485ee2182160de
odmen_vz,28459669,285233117
menghun,7430811,272484871
mauricc18,14713134,6861029795
Phan Tuan,219730,line:Ue24891e97d70de5686e50b3f3dd97d44
dondon_coin,23498971,5387693655
duajnim,1594650,8260568302
mahyudinn,5556610,7556783565
olegio59,5365248,99380285
Maxyjrs,424250,6598439813
Ignaciys,21878284,273247288
Oziinill,31939613,5291224325
barbabianca80,19103783,652478174
„Éü„ÉÑ,1694600,line:Ua97e85900355f5156e335066254ae4ab
u_eth,36993143,5074245642
Batushka1488,13421341,6436979175
Âá∫Âè£ Deguchi ‡πÄ‡∏î‡∏∞‡∏Å‡∏∏‡∏ä‡∏¥,9066962,line:Udd8133dfd4cfa02fec5b0245b9978685
6703978224,5735419,6703978224
T011XA,20637067,1065914192
7630496595,1618150,7630496595
Lavr14_03,6934569,1469270087
8019701533,1612340,8019701533
DTL175,8370425,5271429114
7723895872,22389813,7723895872
Lorenzo_bob,28688629,1782435499
GGezzzzzzz,33156711,6473980982
Kruegger,29657844,218876780
7839785659,1550100,7839785659
kirrillius,32384916,174732638
max_b85,22936837,535690536
Alexander_Shikin,11224911,299990305
kohnem,11035362,923687926
natnat_a,30249629,383333412
Artem000_08,2578030,6963273911
khoa99955,10910270,5339886771
EthereaSkye,8170983,6197863333
CriptoVSB,29809003,1593564683
crypto_avocado,32976254,5896508558
jujunchh,23814759,6045724002
Rezamohammady,31508032,238603853
gusdewa92,1982092,6636095544
igor_dragun,13571982,415890025
Looking9932,8118927,7026634013
cicacukaica,214520,7965925786
„Å©„Çì„Å©„Çì,8006387,line:U696ce2b660220f159fe0652698eed35c
mst,1585970,line:Ud6f412bd80129c0a32415f8938982fa5
7617055114,15438829,7617055114
menjaw,1364470,6302344726
balestoo,11646000,5049143955
Nishanth_Velu,23266405,939085741
Drrezamo,31729570,7248561492
„Ç≥„Ç≥,4481778,line:Ub1a82b21262eb551cdf9d94e16c2d38b
serventy,638060,7962525029
7395885228,18114895,7395885228
supman3,1175150,1214356325
HuracanTerapia,23768530,497486394
Jafaripix,240070,122686053
misterxdark,20161822,7083525432
h1zoro,29565421,6316188212
luckedra,43562739,422542802
Yasihozh,31979901,7412286875
amiyahar,1127480,6682388054
Lusik2,14169612,460020156
oblvko,52220576,225870975
sarinamad,1219080,6471039901
azistek,12231593,5811242274
ArtWasp,15119690,176336988
8100691461,7228509,8100691461
YuriiSergi,27350920,1755907034
susimek,1159090,6587950065
ToriTori01,34908078,1213008615
kaktus_joine,16744412,301385812
Mesmaeilmohammadi,32114898,7250139870
mamina3,5040458,8069744770
densmall,25074446,653447792
ibxd96,32569247,365816691
TimTLT,40267904,1187896467
Fjfjfjfjccc,7748413,7319962839
imitz,5968584,line:Ufdc667942d1c6748fd9c6dc70e79103c
Nazarbaeev36,40388435,810432427
Vvvkcvkkvck,8178247,7900561453
Nishanth Velu,5252642,line:U7d1a0cf2fae895bcc360e63becd16892
royalexhp,29631302,1527199056
brunajastro1,930150,1735277654
7763194818,8826490,7763194818
Tymur_TiM,12246115,247107340
maurinesoriano,1525650,1943885013
dpetrakov78,598640,56851083
Andrewbelgovski,28327754,5203798920
Crypto_miha,30883523,5835434348
elizium,14566250,224573
Ludmila_crypto,30776226,6635331519
Vitaliy179,23577238,1145164565
alpetar82,7773382,827585122
1010093125,24576013,1010093125
Rain Turtle,14289868,line:U8e9942b252264dc71566c55b7eeffadd
8060747034,5666696,8060747034
Ehehdudub,8302230,7875432264
nastealittle,5149668,1307951914
7927908289,1222150,7927908289
7564132047,22539002,7564132047
Erick John Gamo,498950,line:U3b3c49161cb9757b66353b12b16d61f5
heyergi,1222150,7858644837
checkmate6464,11367071,7910409125
Yulouy,30751775,665234664
TakoiAAS,9590782,311456411
ekaterina071185,5473690,7267817521
Noordrop7,6828175,5056836480
8020207578,5326433,8020207578
„ÅØ„Éº„ÇÅ,3436328,line:Uf92e2c0be87a3d0249a63bd61680dc3c
requert,15474407,2014938371
AL_gray,17437141,664354166
Raptr2,7735885,439553256
7337861837,34796358,7337861837
anatoliyzabila,11608601,649892024
MaryMil37608195,10946150,5016234033
Gondurapsina,37833308,350450110
life_debug_config,25159135,511481747
Artem000_09,2463500,7114482651
Sven,2615226,line:Ub5e0a451da262aacb31ed969c3f860df
crazik24,27753739,6739915676
t1m_ksh,30544343,613033791
Buggor73,15247829,1876905031
RRJSB,24135914,7195933882
nonyabeeswax12,1393540,7295183730
Mishkakod,25892844,6202441591
whathishit9,7812260,6867024203
dmitrii1510,6410995,2133736270
8018803376,19217221,8018803376
8042028893,1372150,8042028893
SantoryuU3,29391611,1162798851
7991428620,1481650,7991428620
7441894874,2138670,7441894874
Ubin,2542438,line:Ub5f3a2481dd50133471093a8abcc1377
8112035613,1549560,8112035613
7930062760,1477650,7930062760
brianhillas,4875076,7182034842
kakbinexotelosb,5369280,6926803475
„Çä„ÇÖ„ÅÜ,3106653,line:U45dd8fdb875b45aeec467aee75152185
vlad59,22804256,line:Uf3b77600fcf64a011e32d5483e605bd6
Tamago4,14318291,line:U79387f7afdcd9e40110e4e97956f3dba
dimesh76,20697558,438159110
rosamil1,25699181,8083758171
zen_serg,41429844,567477719
7541693581,8568856,7541693581
Artem_Chebotarev2024,44579276,5282570639
jeccaa2020,1789080,7884943790
DK_1307,19553855,410532380
sskeymoon,17719946,6026195840
X_x_666_x_X,30321988,591719855
oslo36,27642096,782132161
tonware,36487990,90343545
nocomment_fencer,31418569,5078869454
Suguru Hirokawa,992270,line:Ue2d73f8e47af2c504b9f1e8b5704738f
Mayumi,3252679,line:Ue24c358a6c67c695aaac5a5b5aecc019
7303066101,21510063,7303066101
"Yoko,A",2757125,line:U2c9ca8212895296796ca71b7961737ad
Renggo1,253430,6110634052
BossevichT,32983585,525798824
M191919,9340150,6415239785
6970076277,33266926,6970076277
SLnatalya1,9340150,5426457638
BRielan,618150,2055413812
Milana,22249535,line:Uf323023ab1afb13688deefd1572d6fbd
konstantin197500,30229513,5548904357
OlegLet,19370906,1279792559
karimtynxamon,4967602,6747275064
Meldapapin,27339807,7345400242
MRyzhov,16063228,279552999
Yaruk1110,8644924,6901985857
Dmitriy8778,29147943,465444742
s2a1n,6337311,407210368
1432744661,18050011,1432744661
TuckerNot,23059406,6337011469
eMedok,1087650,880471196
Tolik2015,17292065,7430692417
7576246986,9785880,7576246986
evgeny_kova,2496140,1088840626
7257547750,32436608,7257547750
Ë•øÈáé ÈõÑÁ•ê,5492820,line:U7fdbe3d8c7e0b7eeecda3308a3617ce1
ivanke9000,11329583,7100693230
LyraDamnedIce,19428889,214717493
Green,24434668,line:U7f8f8d72a96ea47332e08aeae3502583
Aurora11000,11608300,7441598034
Albert_lain,45348447,681819236
ProKiliC,39204682,637927622
Zhuck,13689392,line:U7ae547a1f61179f19dae3ff6517d6192
7208344656,21081129,7208344656
TrafalgarLow33,17034651,6987945700
Gargamel57,804490,563288711
Dedi21,381130,line:U030fb2819bfc40b6600de8e3ed10105c
Nigasan,247470,7921631914
5651721912,19526116,5651721912
Yan_yan11111,15089305,7173493897
Kkjjipuook,15449331,7368872480
Julani,55157921,546206198
YevheniyDemchenko,25332950,995743974
JohnyCrow,27982755,150391359
Astrolith,26978232,304567675
bon1111111,15306642,7049434673
Iriska1006,28541950,896954495
BogdanHomik,3428603,336827329
ProServisVL,52217205,1214157058
7799361978,4996497,7799361978
VL5VL5,52120162,171473955
7910925528,1115650,7910925528
ber649,14590132,7066322871
Habiba319,3107861,7208000567
Teona100,11086794,7293864409
godbolte1,241880,1867264566
560189662,29069456,560189662
Hoang,308370,line:Uef913e6a72ca89ebe71e9e917147fcdd
vloneneaz,7983272,416645033
camPPunk,2726610,213747533
jannces,35848537,5091001374
Â≤°Êú¨ ÂÆèÁîü,5493984,line:U2325d6d602e2212148dddb010f4e9418
Sultan_Tuyakbayev,6973585,214996340
5224820999,19028746,5224820999
Felixist,26771201,7459905740
JoostLint,26930654,5278925766
Sanemiiie,6534121,8283744972
1512640815,6127330,1512640815
RomanLucky8888,4809359,1850228021
7636422174,813650,7636422174
7573193877,37109817,7573193877
Pletnev_86,6221477,351141982
rangipangirangi,15400545,6975347798
7261088248,12580798,7261088248
Antislabs,27604308,426831202
Yaseen319,39012115,6456851115
Filou06,329630,1260842170
Eiji,171100,line:Ud8e29eed0c382727cf94aa10b55c831e
„Åª„Åù„Åã„Çè„Åü„Åã„Åó,2647183,line:U7ec72168f8000426bd09fad27f478f9f
bloodshedd,34875967,466479225
Natlam85,49105301,5092276545
7822527270,857650,7822527270
Taurus367,6747030,7822944480
aidhrb,12163850,1381512307
broncos,13865357,line:U3655b32a1a5c1e9f8eba293b13a1578e
Irwanda,1507150,line:Ud7c73ac545a3e11d596b5e71ff57e0c5
Timur_Ribalchenko,27366273,7034985942
7315949289,1944950,7315949289
AnsoyWi,6713140,8445567278
Lilia486,17031755,2100702153
gomwr,2106270,360182787
Dipali Singh,22735956,line:U42fb39fdc075a5dac3c1eb8123a938c7
on0tole,979000,147181844
SvenP9,19497763,5239125624
toniypol,14651585,7284929685
7964585151,970650,7964585151
gorbachevmo,27739201,891493458
artembagryancev,32899372,349574020
7660393399,16470900,7660393399
ludook22,8655150,6595769722
ZVV2411,36246814,6200382100
rypetype,8482052,6587894951
Aleks25nik,43578139,6188202688
Anm B,596690,line:U315bd0b1c398f6ebf1d581641d77477b
Galaa111,14625420,7494003158
ArtyomXD,602650,359583231
8132743463,825650,8132743463
Weltenbummler_2019,16252705,1860533608
cyberislands,3268230,6539056768
MarkLuc2e,11831500,5038122058
Mg70024,12947520,6840453711
asdead11,13604314,890765478
Polohovyi,8463310,7738431629
Sergey9k,26051567,438476031
Yu Hirai,997580,line:U0e78f226c6359d6d28e5b6c0569cc49f
8036036170,900650,8036036170
Musashiroi,29472731,1841028334
Sergejs ,16680683,line:Ud5c46c2a85ee98cf40ee2ceaba538510
Kuro2323,9894012,line:U08a222ca21a43a5e39ef2c9991ecff7b
hyuruusu,396710,5478585446
tomowish,5580416,line:U011d9b04ed70160e81e8281ea692cc1c
imaq80,27989710,5226997941
7812301885,886650,7812301885
FAUSTIX_00,26406803,564764793
7249536466,12208858,7249536466
„Ç¶„Éü,2981678,line:Ua9562163debec75c8546ca100a30b9c2
Sergii_K1,32895006,944958482
plasnitzu,1086020,6793639563
Alina_Starling,27830971,1061578485
Moldvan,37198448,1418839514
Dondokekeks,35423200,992876583
Liudlych,9126324,1196232556
stso092,22379825,5033112884
daniilnikitin1923,2298151,1000846346
DashaHal_BITS,5027550,458314249
Umoralesc,17518676,1025219719
Hunini99,14562362,6115441026
IsEzdE,14710136,7267895303
Vovan2772,6737990,8053529895
LenyaSheva,5099355,1408123786
olHrynch,24152153,371574729
afrizal222,3945190,1967324429
sashka_alxndr,11443013,382588840
Viktolich,9040026,5938046467
AndreykaBarmaleyka,26206598,309067504
7779318253,812870,7779318253
Ivan_ves,5879870,8244793545
Tio142,15935046,7452257204
5160038433,32611841,5160038433
Jenipherr000,114620,7163175842
7227823386,13665888,7227823386
Jemark Francisco,409290,line:U28143c1d836f2e2a32d716ca7130eb9a
vindestus,1158950,6531634003
Ozi,28238018,line:U998d4619654a40b8c2ffd41516358288
Evgen_bmk,29210049,6259476826
alsu123123,14943965,7393423019
SemenIvanovic,14191719,6455811944
V_strateg,33269938,1002925630
youngLADY62,50048025,1049248385
theguys123,8419711,6775860818
doyzkieeeee,24570881,6899754699
javelinsphere,1350296,8454354242
aa0lxs113,3675117,199588419
Ladangcuan04,419520,7769420595
slowmouwen,8593124,6095784051
Qasa1111,15142720,7434356534
TheCryptoMonster,22609977,1474104798
crypton222,8447254,495324091
m1ster_telegram,8893355,6122479840
Duck_durk,16722249,7079527193
„Å≤„Çç„ÅΩ„Çì,2765395,line:Ubcc4448d45eac77b5ab5903b341255e9
Julay222,3948090,6506551765
7227936722,847650,7227936722
Algerik9,6327690,7978010120
NastiaSkvortsova,13051445,123269621
volfgant_fr,41777727,678443651
6607187866,7198280,6607187866
7977338646,1062650,7977338646
tophip2,8706989,7045138881
dimatah,26486485,5461403877
isit_9,7494810,7715663907
DenizVK,1570180,498324935
Viktory37AT,24661869,5016528576
Monnika1993,6438610,7845559161
hqlk2016,14832495,5020376275
7391093771,32696198,7391093771
manrey33,26656117,2031054289
„Ç∏„É£„É†,5386174,line:Uc7463c2e9eee2322c030194f7b28278b
KevinSt73ss,11356000,5060870918
bobovich222,8634200,5191133059
Jack_kredok,11692861,872090162
Tinota97,6409550,7854410220
„Åä„Åã„Å§,3622533,line:U67aa49495c69d9582d0da8247ee77ba9
lizzahhh,1004370,6631103677
8076024986,875650,8076024986
546557478,8166405,546557478
mu1tiset,18393094,262047356
Jenek201,24333623,1915013858
Dmytro,24047903,line:U5124cdeea557455ec95108985cda1dbf
crypto_protector619,2444396,6938521107
sijedomonz,3355683,7999108913
AmeliaB9d,12067500,5024232481
Alex_Fil2,14579957,1535104706
5506517133,11183491,5506517133
samintuk,984910,6711436716
7315619835,1000650,7315619835
JohnTucEr,11298000,5051583283
koolkawaii,17679107,5433139162
7819256934,895650,7819256934
potemkin_kudasaijp,22453317,7455242788
Red Pearl,1897484,line:Ucc12bbef05cc4f9b00123f4ec35e2a38
zmwmkm4y,5664560,5963698016
Á¶è‰∫ï Á•êÂ§™,2653190,line:U977e14c683c4c539a019ab477a1ba9eb
7947893463,844650,7947893463
7626794814,7104520,7626794814
tranglongkhanh,1092500,5395156706
mentiou,45830972,6149077801
vilropx,22617114,8097278898
lolipapa222,5274636,6550051256
BOoMBoY49,6814783,2038528533
Tati,6659327,line:U52c9ef97588b6231f6355344d05f4c34
felluk6666,44401668,1177729202
jeffreyrobbinson,4643881,6782053548
stanislav56,3518113,94662552
Steps1985,16916508,6388286606
8035772286,913650,8035772286
Andreirebit,24102502,1685257925
dapyo13,3151346,1954690527
5164159910,21995551,5164159910
nataliasporty,6972230,1214172926
StBujang,1738180,6096109698
NataliGoranina,18882865,540147946
angel1na756,35330858,1343254935
cverka22,5180204,6692082898
8199484072,1032830,8199484072
meganesanz,20642733,5337597398
Amirhossein,7612790,line:Ue1421181f11628387f76ec5bcc60734e
Kazuki Okano,5358340,line:U85942e0b983320a333f8198d59d7b054
RobertM8e2,11772500,5058353398
enjoyabol,17794520,467172216
AnitaWilson2020,30795811,6889389416
Olga,18868448,line:Ub3287e7af23312c2d196117168f7faed
7768635192,1070650,7768635192
LamboDiabl,46458747,1071269018
FloraMo39f,11183000,5013005407
konstr_olga,29650724,559959288
mushop74,1108660,385825403
Romul_83,20650415,692978688
E-suchi,4147522,line:U4f0e746762d96ad92d08b5f18ef366b0
herkupeppu,16175445,1219543841
7478007086,896570,7478007086
JacobHa09s,11656500,5039770492
„Åè„Åø„Å£„Åç„Éº,5232238,line:Ub2a9d9aac643056cb85b033ae30a52f5
7746831959,917650,7746831959
„ÇØ„É©„Ç§,7435426,line:Ude6427923bd0e875f8211d0283bd3b6a
whenyouplaythisgame,10361900,6318499665
„Åø„Åç,1704350,line:U2d7ec70587d328a6506a18c6f24caacc
LucasTa6fe,11598500,5015190182
LucasTa5ff,11598500,5027250941
blacksorrow,17735922,line:U930239cffad36ec65b2aaf01793b267e
BooBooPie,1697810,1017277303
7987652267,1146650,7987652267
brikoer,1067740,7956771479
buzzzklen,27126300,7014044236
Cornho1io,45170821,7188269003
violet_berrys,31006506,5320633298
hkukaist88,3216535,7674497745
8004856266,813650,8004856266
sunnykim8892,2001150,7352874572
Magdale6RT,11598500,5071887565
„Åç„Å©„Çä„Çà,1981520,line:U594dbcd5f5fb88ff153c68a475a152fd
5811288539,10943184,5811288539
1971445964,8928835,1971445964
paulussssss,31429732,421950593
hiimkat,24137256,256562490
Êú®ÊùëÁúüÊ≤ª,1165150,line:U9938055f9457e5d6993758ce1f366b2c
nautpa,312010,1831201594
ReevesEthelbert,11540500,5058657252
LilyJustAFlower,23087699,line:U4925352cbe7d8728f44b8afb8954835e
K_M_A05,26937132,358790126
SPIKE05,8069967,332673452
sw_iceman,40956275,552752256
jack5daniels,27503729,1279626845
SabrinaAset,11598500,5068836806
Demosthenes11,29654325,7084808387
wu_crypto,4746630,1008452020
B0SSS27,24952592,5345553953
minhprolem1,217150,2103925513
OliverH83a,11356000,5072689618
GustarN,1025410,7238515227
nkmslvstr,8720521,6063776779
thesemenko,29051108,488633056
Yra1206,38467886,397235558
RobertTeras,12067500,5041180360
mastrophot,6455207,2018026
8018523849,6448223,8018523849
Saturn26rus,51730463,42457442
Baxmypka,4920510,line:Uaec442d65ca73b0412d1ea0e100a8472
Sudir34,4725550,6613753251
BlomsHelen,11540500,5054753779
vadim_zhivov,37812541,1081511636
oy_craze,26886465,1190456595
BestLyubov,8483868,5091197605
prominimal,16041340,485503380
8495118562,270050,8495118562
8306987127,314670,8306987127
alenka_dja,34172320,1245964050
azazello12345,16735627,751555868
Lastri999,4223748,6650502033
JohnHud58,11424500,5091461634
„Åï„Å®„Åó,5746849,line:Ue0430af8add8abbbde95f6b48faca250
Kaswan202,4145675,6516688013
Superenwell,3673312,1635780430
ketymom,23894823,6998938459
alabamagee,20841207,6196384305
Ôº†kira,6632386,line:U5c5aadecd1dd3daca179dcfd74d3c58b
TrueYAMA,35270027,1830055948
reza,1489340,line:U7ff9d7e775b774e09979dc9a08a7031a
o1avit,50214519,5884079775
pwee3,1390651,5158394539
Harvestmoonwallet,7428981,5973540861
RKazemiSW,953390,7282999117
